Sno_1,Name_1,kT,clean_name,Sno_2,name_2,norm
1,SWIFTJ0001.0-0708,-99,SWIFTJ0001.0-0708,140,SWIFTJ0001.0-0708,-99
2,SWIFTJ0001.6-7701,-99,SWIFTJ0001.6-7701,49,SWIFTJ0001.6-7701,-99
3,SWIFTJ0002.5+0323,-99,SWIFTJ0002.5+0323,97,SWIFTJ0002.5+0323,-99
4,SWIFTJ0003.3+2737,-99,SWIFTJ0003.3+2737,288,SWIFTJ0003.3+2737,-99
5,SWIFTJ0005.0+7021,-99,SWIFTJ0005.0+7021,449,SWIFTJ0005.0+7021,-99
6,SWIFTJ0009.4-0037,-99,SWIFTJ0009.4-0037,454,SWIFTJ0009.4-0037,-99
7,SWIFTJ0017.1+8134,-99,SWIFTJ0017.1+8134,254,SWIFTJ0017.1+8134,-99
8,SWIFTJ0021.2-1909,-99,SWIFTJ0021.2-1909,534,SWIFTJ0021.2-1909,-99
9,SWIFTJ0025.8+6818,-99,SWIFTJ0025.8+6818,474,SWIFTJ0025.8+6818,-99
10,SWIFTJ0026.5-5308,-99,SWIFTJ0026.5-5308,91,SWIFTJ0026.5-5308,-99
11,SWIFTJ0029.2+1319,-99,SWIFTJ0029.2+1319,669,SWIFTJ0029.2+1319,1.55E-05
12,SWIFTJ0030.0-5904,-99,SWIFTJ0030.0-5904,606,SWIFTJ0030.0-5904,-99
13,SWIFTJ0033.6+6127,-99,SWIFTJ0033.6+6127,112,SWIFTJ0033.6+6127,-99
14,SWIFTJ0034.6-0422,-99,SWIFTJ0034.6-0422,131,SWIFTJ0034.6-0422,-99
15,SWIFTJ0036.0+5951,-99,SWIFTJ0036.0+5951,161,SWIFTJ0036.0+5951,-99
16,SWIFTJ0038.4+2337,-99,SWIFTJ0038.4+2337,275,SWIFTJ0038.4+2337,-99
17,SWIFTJ0042.9+3016A,-99,SWIFTJ0042.9+3016,736,SWIFTJ0042.9+3016,4.62E-05
18,SWIFTJ0042.9-1135,-99,SWIFTJ0042.9-1135,533,SWIFTJ0042.9-1135,-99
19,SWIFTJ0051.6+2928,-99,SWIFTJ0051.6+2928,83,SWIFTJ0051.6+2928,-99
20,SWIFTJ0052.3-2730,-99,SWIFTJ0052.3-2730,327,SWIFTJ0052.3-2730,-99
21,SWIFTJ0057.0+6405,-99,SWIFTJ0057.0+6405,610,SWIFTJ0057.0+6405,-99
22,SWIFTJ0100.9-4750,-99,SWIFTJ0100.9-4750,358,SWIFTJ0100.9-4750,-99
23,SWIFTJ0101.5-0308,-99,SWIFTJ0101.5-0308,354,SWIFTJ0101.5-0308,-99
24,SWIFTJ0103.8-6437,-99,SWIFTJ0103.8-6437,198,SWIFTJ0103.8-6437,-99
25,SWIFTJ0105.6-3433,-99,SWIFTJ0105.6-3433,31,SWIFTJ0105.6-3433,-99
26,SWIFTJ0106.2-4704,-99,SWIFTJ0106.2-4704,337,SWIFTJ0106.2-4704,-99
27,SWIFTJ0106.8+0639,-99,SWIFTJ0106.8+0639,459,SWIFTJ0106.8+0639,-99
28,SWIFTJ0107.7-1137B,-99,SWIFTJ0107.7-1137,590,SWIFTJ0107.7-1137,-99
29,SWIFTJ0109.0+1320,-99,SWIFTJ0109.0+1320,440,SWIFTJ0109.0+1320,-99
30,SWIFTJ0113.8+2515,-99,SWIFTJ0113.8+2515,212,SWIFTJ0113.8+2515,-99
31,SWIFTJ0114.4-5522,-99,SWIFTJ0114.4-5522,469,SWIFTJ0114.4-5522,-99
32,SWIFTJ0114.5-3236,-99,SWIFTJ0114.5-3236,531,SWIFTJ0114.5-3236,-99
33,SWIFTJ0116.3+3104,-99,SWIFTJ0116.3+3104,295,SWIFTJ0116.3+3104,-99
34,SWIFTJ0116.5-1235,-99,SWIFTJ0116.5-1235,314,SWIFTJ0116.5-1235,-99
35,SWIFTJ0122.8+5003,-99,SWIFTJ0122.8+5003,498,SWIFTJ0122.8+5003,-99
36,SWIFTJ0122.9+3420,-99,SWIFTJ0122.9+3420,174,SWIFTJ0122.9+3420,-99
37,SWIFTJ0126.0+3511,-99,SWIFTJ0126.0+3511,237,SWIFTJ0126.0+3511,-99
38,SWIFTJ0128.4+1631,-99,SWIFTJ0128.4+1631,283,SWIFTJ0128.4+1631,-99
39,SWIFTJ0128.9-6039,-99,SWIFTJ0128.9-6039,317,SWIFTJ0128.9-6039,-99
40,SWIFTJ0130.0-4218,-99,SWIFTJ0130.0-4218,422,SWIFTJ0130.0-4218,-99
41,SWIFTJ0136.5+3906,-99,SWIFTJ0136.5+3906,166,SWIFTJ0136.5+3906,-99
42,SWIFTJ0138.6-4001,-99,SWIFTJ0138.6-4001,479,SWIFTJ0138.6-4001,-99
43,SWIFTJ0138.8+2925,-99,SWIFTJ0138.8+2925,340,SWIFTJ0138.8+2925,-99
44,SWIFTJ0140.6-5321,-99,SWIFTJ0140.6-5321,536,SWIFTJ0140.6-5321,-99
45,SWIFTJ0142.0+3922,-99,SWIFTJ0142.0+3922,30,SWIFTJ0142.0+3922,-99
46,SWIFTJ0149.2+2153A,-99,SWIFTJ0149.2+2153,320,SWIFTJ0149.2+2153,-99
47,SWIFTJ0149.2+2153B,-99,SWIFTJ0149.2+2153,328,SWIFTJ0149.2+2153,-99
48,SWIFTJ0151.3-3610,-99,SWIFTJ0151.3-3610,66,SWIFTJ0151.3-3610,-99
49,SWIFTJ0152.8-0329,-99,SWIFTJ0152.8-0329,444,SWIFTJ0152.8-0329,-99
50,SWIFTJ0154.9-2707,-99,SWIFTJ0154.9-2707,235,SWIFTJ0154.9-2707,-99
51,SWIFTJ0155.4+0228,-99,SWIFTJ0155.4+0228,37,SWIFTJ0155.4+0228,-99
52,SWIFTJ0200.3+2428,-99,SWIFTJ0200.3+2428,482,SWIFTJ0200.3+2428,-99
53,SWIFTJ0202.4+6824A,-99,SWIFTJ0202.4+6824,303,SWIFTJ0202.4+6824,-99
54,SWIFTJ0202.4+6824B,-99,SWIFTJ0202.4+6824,332,SWIFTJ0202.4+6824,-99
55,SWIFTJ0208.2+4452,-99,SWIFTJ0208.2+4452,142,SWIFTJ0208.2+4452,-99
56,SWIFTJ0208.5-1738,-99,SWIFTJ0208.5-1738,89,SWIFTJ0208.5-1738,-99
57,SWIFTJ0211.1-4944,-99,SWIFTJ0211.1-4944,445,SWIFTJ0211.1-4944,-99
58,SWIFTJ0213.7+5147,-99,SWIFTJ0213.7+5147,170,SWIFTJ0213.7+5147,-99
59,SWIFTJ0214.6-0049,-99,SWIFTJ0214.6-0049,93,SWIFTJ0214.6-0049,-99
60,SWIFTJ0216.3+5128,-99,SWIFTJ0216.3+5128,225,SWIFTJ0216.3+5128,-99
61,SWIFTJ0218.0+7348,-99,SWIFTJ0218.0+7348,165,SWIFTJ0218.0+7348,-99
62,SWIFTJ0222.3+2509,-99,SWIFTJ0222.3+2509,135,SWIFTJ0222.3+2509,-99
63,SWIFTJ0223.4+4551,-99,SWIFTJ0223.4+4551,285,SWIFTJ0223.4+4551,-99
64,SWIFTJ0225.0+1847,-99,SWIFTJ0225.0+1847,172,SWIFTJ0225.0+1847,-99
65,SWIFTJ0225.0-2312,-99,SWIFTJ0225.0-2312,247,SWIFTJ0225.0-2312,-99
66,SWIFTJ0227.0+2346,-99,SWIFTJ0227.0+2346,308,SWIFTJ0227.0+2346,-99
67,SWIFTJ0228.1+3118,-99,SWIFTJ0228.1+3118,98,SWIFTJ0228.1+3118,-99
68,SWIFTJ0232.8+2020,-99,SWIFTJ0232.8+2020,157,SWIFTJ0232.8+2020,-99
69,SWIFTJ0234.1+3233,-99,SWIFTJ0234.1+3233,566,SWIFTJ0234.1+3233,-99
70,SWIFTJ0238.2-5213,-99,SWIFTJ0238.2-5213,27,SWIFTJ0238.2-5213,-99
71,SWIFTJ0238.5-6119,-99,SWIFTJ0238.5-6119,292,SWIFTJ0238.5-6119,-99
72,SWIFTJ0242.0+0516,-99,SWIFTJ0242.0+0516,466,SWIFTJ0242.0+0516,-99
73,SWIFTJ0242.6+0000,-99,SWIFTJ0242.6+0000,558,SWIFTJ0242.6+0000,-99
74,SWIFTJ0243.9+5324,-99,SWIFTJ0243.9+5324,325,SWIFTJ0243.9+5324,-99
75,SWIFTJ0244.7-2433,-99,SWIFTJ0244.7-2433,218,SWIFTJ0244.7-2433,-99
76,SWIFTJ0244.8+6227,-99,SWIFTJ0244.8+6227,46,SWIFTJ0244.8+6227,-99
77,SWIFTJ0245.2+1047,-99,SWIFTJ0245.2+1047,148,SWIFTJ0245.2+1047,-99
78,SWIFTJ0249.1+2627,-99,SWIFTJ0249.1+2627,448,SWIFTJ0249.1+2627,-99
79,SWIFTJ0250.4+4648,-99,SWIFTJ0250.4+4648,274,SWIFTJ0250.4+4648,-99
80,SWIFTJ0251.3+5441,-99,SWIFTJ0251.3+5441,530,SWIFTJ0251.3+5441,-99
81,SWIFTJ0252.1-6758,-99,SWIFTJ0252.1-6758,329,SWIFTJ0252.1-6758,-99
82,SWIFTJ0252.3+4312,-99,SWIFTJ0252.3+4312,258,SWIFTJ0252.3+4312,-99
83,SWIFTJ0252.7-0822,-99,SWIFTJ0252.7-0822,592,SWIFTJ0252.7-0822,-99
84,SWIFTJ0256.4-3212,-99,SWIFTJ0256.4-3212,519,SWIFTJ0256.4-3212,-99
85,SWIFTJ0311.1+3241,-99,SWIFTJ0311.1+3241,221,SWIFTJ0311.1+3241,-99
86,SWIFTJ0311.9+5032,-99,SWIFTJ0311.9+5032,311,SWIFTJ0311.9+5032,-99
87,SWIFTJ0317.2+0116,-99,SWIFTJ0317.2+0116,585,SWIFTJ0317.2+0116,-99
88,SWIFTJ0318.7+6828,-99,SWIFTJ0318.7+6828,372,SWIFTJ0318.7+6828,-99
89,SWIFTJ0324.9+4044,-99,SWIFTJ0324.9+4044,223,SWIFTJ0324.9+4044,-99
90,SWIFTJ0326.0-5633,-99,SWIFTJ0326.0-5633,321,SWIFTJ0326.0-5633,-99
91,SWIFTJ0328.4-2846,-99,SWIFTJ0328.4-2846,369,SWIFTJ0328.4-2846,-99
92,SWIFTJ0331.4-0510,-99,SWIFTJ0331.4-0510,410,SWIFTJ0331.4-0510,-99
93,SWIFTJ0333.3+3720,-99,SWIFTJ0333.3+3720,101,SWIFTJ0333.3+3720,-99
94,SWIFTJ0335.4+1907,-99,SWIFTJ0335.4+1907,40,SWIFTJ0335.4+1907,-99
95,SWIFTJ0336.6+3217,-99,SWIFTJ0336.6+3217,231,SWIFTJ0336.6+3217,-99
96,SWIFTJ0345.2-3935,-99,SWIFTJ0345.2-3935,22,SWIFTJ0345.2-3935,-99
97,SWIFTJ0349.2-1159,-99,SWIFTJ0349.2-1159,175,SWIFTJ0349.2-1159,-99
98,SWIFTJ0353.4-6830,-99,SWIFTJ0353.4-6830,167,SWIFTJ0353.4-6830,-99
99,SWIFTJ0353.7+3711,-99,SWIFTJ0353.7+3711,509,SWIFTJ0353.7+3711,-99
100,SWIFTJ0356.9-4041,-99,SWIFTJ0356.9-4041,393,SWIFTJ0356.9-4041,-99
101,SWIFTJ0357.5-6255,-99,SWIFTJ0357.5-6255,390,SWIFTJ0357.5-6255,-99
102,SWIFTJ0357.6+4153,-99,SWIFTJ0357.6+4153,287,SWIFTJ0357.6+4153,-99
103,SWIFTJ0359.0-3015A,-99,SWIFTJ0359.0-3015,80,SWIFTJ0359.0-3015,-99
104,SWIFTJ0359.0-3015B,-99,SWIFTJ0359.0-3015,388,SWIFTJ0359.0-3015,-99
105,SWIFTJ0359.7+5058,-99,SWIFTJ0359.7+5058,256,SWIFTJ0359.7+5058,-99
106,SWIFTJ0402.4-1807,-99,SWIFTJ0402.4-1807,586,SWIFTJ0402.4-1807,-99
107,SWIFTJ0404.0-3604,-99,SWIFTJ0404.0-3604,203,SWIFTJ0404.0-3604,-99
108,SWIFTJ0405.5-1307,-99,SWIFTJ0405.5-1307,255,SWIFTJ0405.5-1307,-99
109,SWIFTJ0407.4+0339,-99,SWIFTJ0407.4+0339,429,SWIFTJ0407.4+0339,-99
110,SWIFTJ0413.3+1659,-99,SWIFTJ0413.3+1659,612,SWIFTJ0413.3+1659,-99
111,SWIFTJ0413.8+1112,-99,SWIFTJ0413.8+1112,361,SWIFTJ0413.8+1112,-99
112,SWIFTJ0414.8-0754,-99,SWIFTJ0414.8-0754,47,SWIFTJ0414.8-0754,-99
113,SWIFTJ0420.0-5457,-99,SWIFTJ0420.0-5457,681,SWIFTJ0420.0-5457,2E-05
114,SWIFTJ0422.7-5611,-99,SWIFTJ0422.7-5611,502,SWIFTJ0422.7-5611,-99
115,SWIFTJ0423.5+0414,-99,SWIFTJ0423.5+0414,501,SWIFTJ0423.5+0414,-99
116,SWIFTJ0427.6-1201,-99,SWIFTJ0427.6-1201,615,SWIFTJ0427.6-1201,-99
117,SWIFTJ0428.2-6704A,-99,SWIFTJ0428.2-6704,224,SWIFTJ0428.2-6704,-99
118,SWIFTJ0428.2-6704B,-99,SWIFTJ0428.2-6704,345,SWIFTJ0428.2-6704,-99
119,SWIFTJ0433.5-5846,-99,SWIFTJ0433.5-5846,305,SWIFTJ0433.5-5846,-99
120,SWIFTJ0438.2-1048,-99,SWIFTJ0438.2-1048,88,SWIFTJ0438.2-1048,-99
121,SWIFTJ0440.2-5941,-99,SWIFTJ0440.2-5941,596,SWIFTJ0440.2-5941,-99
122,SWIFTJ0440.9+2741,-99,SWIFTJ0440.9+2741,127,SWIFTJ0440.9+2741,-99
123,SWIFTJ0443.9+2856,-99,SWIFTJ0443.9+2856,7,SWIFTJ0443.9+2856,-99
124,SWIFTJ0444.1+2813,-99,SWIFTJ0444.1+2813,551,SWIFTJ0444.1+2813,-99
125,SWIFTJ0445.0-2816,-99,SWIFTJ0445.0-2816,588,SWIFTJ0445.0-2816,-99
126,SWIFTJ0446.4+1828,-99,SWIFTJ0446.4+1828,477,SWIFTJ0446.4+1828,-99
127,SWIFTJ0449.6-5515,-99,SWIFTJ0449.6-5515,322,SWIFTJ0449.6-5515,-99
128,SWIFTJ0454.6-4315,-99,SWIFTJ0454.6-4315,306,SWIFTJ0454.6-4315,-99
129,SWIFTJ0456.3-7532,-99,SWIFTJ0456.3-7532,562,SWIFTJ0456.3-7532,-99
130,SWIFTJ0459.7+3502,-99,SWIFTJ0459.7+3502,281,SWIFTJ0459.7+3502,-99
131,SWIFTJ0459.9+2703,-99,SWIFTJ0459.9+2703,609,SWIFTJ0459.9+2703,-99
132,SWIFTJ0501.9-3239,-99,SWIFTJ0501.9-3239,120,SWIFTJ0501.9-3239,-99
133,SWIFTJ0504.6-7345,-99,SWIFTJ0504.6-7345,381,SWIFTJ0504.6-7345,-99
134,SWIFTJ0505.6-6735,-99,SWIFTJ0505.6-6735,296,SWIFTJ0505.6-6735,-99
135,SWIFTJ0507.7+6732,-99,SWIFTJ0507.7+6732,239,SWIFTJ0507.7+6732,-99
136,SWIFTJ0508.1+1727,-99,SWIFTJ0508.1+1727,414,SWIFTJ0508.1+1727,-99
137,SWIFTJ0512.1-1830,-99,SWIFTJ0512.1-1830,437,SWIFTJ0512.1-1830,-99
138,SWIFTJ0513.8+6627,-99,SWIFTJ0513.8+6627,298,SWIFTJ0513.8+6627,-99
139,SWIFTJ0515.3+1854,-99,SWIFTJ0515.3+1854,124,SWIFTJ0515.3+1854,-99
140,SWIFTJ0516.3+1928,-99,SWIFTJ0516.3+1928,272,SWIFTJ0516.3+1928,-99
141,SWIFTJ0519.5-3140,-99,SWIFTJ0519.5-3140,154,SWIFTJ0519.5-3140,-99
142,SWIFTJ0521.0-2522,-99,SWIFTJ0521.0-2522,456,SWIFTJ0521.0-2522,-99
143,SWIFTJ0524.1-1210,-99,SWIFTJ0524.1-1210,3,SWIFTJ0524.1-1210,-99
144,SWIFTJ0525.1-2339,-99,SWIFTJ0525.1-2339,251,SWIFTJ0525.1-2339,-99
145,SWIFTJ0525.3-4600,-99,SWIFTJ0525.3-4600,232,SWIFTJ0525.3-4600,-99
146,SWIFTJ0526.2-2118,-99,SWIFTJ0526.2-2118,518,SWIFTJ0526.2-2118,-99
147,SWIFTJ0530.8+1333,-99,SWIFTJ0530.8+1333,178,SWIFTJ0530.8+1333,-99
148,SWIFTJ0532.9+1343,-99,SWIFTJ0532.9+1343,280,SWIFTJ0532.9+1343,-99
149,SWIFTJ0533.9-1318,-99,SWIFTJ0533.9-1318,277,SWIFTJ0533.9-1318,-99
150,SWIFTJ0535.4+4013,-99,SWIFTJ0535.4+4013,129,SWIFTJ0535.4+4013,-99
151,SWIFTJ0539.9-2839,-99,SWIFTJ0539.9-2839,188,SWIFTJ0539.9-2839,-99
152,SWIFTJ0543.9-2749,-99,SWIFTJ0543.9-2749,94,SWIFTJ0543.9-2749,-99
153,SWIFTJ0544.4+5909,-99,SWIFTJ0544.4+5909,386,SWIFTJ0544.4+5909,-99
154,SWIFTJ0544.4-4328,-99,SWIFTJ0544.4-4328,338,SWIFTJ0544.4-4328,-99
155,SWIFTJ0547.3+5042,-99,SWIFTJ0547.3+5042,126,SWIFTJ0547.3+5042,-99
156,SWIFTJ0550.7-3212A,-99,SWIFTJ0550.7-3212,152,SWIFTJ0550.7-3212,-99
157,SWIFTJ0552.2-0727,-99,SWIFTJ0552.2-0727,435,SWIFTJ0552.2-0727,-99
158,SWIFTJ0554.8+4625,-99,SWIFTJ0554.8+4625,115,SWIFTJ0554.8+4625,-99
159,SWIFTJ0555.5+3946,-99,SWIFTJ0555.5+3946,257,SWIFTJ0555.5+3946,-99
160,SWIFTJ0557.9-3822,-99,SWIFTJ0557.9-3822,28,SWIFTJ0557.9-3822,-99
161,SWIFTJ0601.9-8636,-99,SWIFTJ0601.9-8636,539,SWIFTJ0601.9-8636,-99
162,SWIFTJ0606.0-2755,-99,SWIFTJ0606.0-2755,99,SWIFTJ0606.0-2755,-99
163,SWIFTJ0609.5-6245A,-99,SWIFTJ0609.5-6245,316,SWIFTJ0609.5-6245,-99
164,SWIFTJ0609.5-6245B,-99,SWIFTJ0609.5-6245,343,SWIFTJ0609.5-6245,-99
165,SWIFTJ0615.8+7101,-99,SWIFTJ0615.8+7101,421,SWIFTJ0615.8+7101,-99
166,SWIFTJ0623.3-6438,-99,SWIFTJ0623.3-6438,33,SWIFTJ0623.3-6438,-99
167,SWIFTJ0623.8+6445,-99,SWIFTJ0623.8+6445,17,SWIFTJ0623.8+6445,-99
168,SWIFTJ0623.9-6058,-99,SWIFTJ0623.9-6058,480,SWIFTJ0623.9-6058,-99
169,SWIFTJ0626.6+0729,-99,SWIFTJ0626.6+0729,133,SWIFTJ0626.6+0729,-99
170,SWIFTJ0626.6-3702,-99,SWIFTJ0626.6-3702,109,SWIFTJ0626.6-3702,-99
171,SWIFTJ0630.7+6342,-99,SWIFTJ0630.7+6342,87,SWIFTJ0630.7+6342,-99
172,SWIFTJ0635.8-7514,-99,SWIFTJ0635.8-7514,34,SWIFTJ0635.8-7514,-99
173,SWIFTJ0640.1-4328,-99,SWIFTJ0640.1-4328,510,SWIFTJ0640.1-4328,-99
174,SWIFTJ0645.9+5303,-99,SWIFTJ0645.9+5303,452,SWIFTJ0645.9+5303,-99
175,SWIFTJ0651.9+7426,-99,SWIFTJ0651.9+7426,108,SWIFTJ0651.9+7426,-99
176,SWIFTJ0659.3+2406,-99,SWIFTJ0659.3+2406,294,SWIFTJ0659.3+2406,-99
177,SWIFTJ0701.3-3235,-99,SWIFTJ0701.3-3235,334,SWIFTJ0701.3-3235,-99
178,SWIFTJ0709.0-4642,-99,SWIFTJ0709.0-4642,401,SWIFTJ0709.0-4642,-99
179,SWIFTJ0709.4-3559,-99,SWIFTJ0709.4-3559,267,SWIFTJ0709.4-3559,-99
180,SWIFTJ0710.3+5908,-99,SWIFTJ0710.3+5908,168,SWIFTJ0710.3+5908,-99
181,SWIFTJ0714.3+4541,-99,SWIFTJ0714.3+4541,118,SWIFTJ0714.3+4541,-99
182,SWIFTJ0725.7-0055,-99,SWIFTJ0725.7-0055,180,SWIFTJ0725.7-0055,-99
183,SWIFTJ0725.8+3000,-99,SWIFTJ0725.8+3000,268,SWIFTJ0725.8+3000,-99
184,SWIFTJ0727.4-2408,-99,SWIFTJ0727.4-2408,394,SWIFTJ0727.4-2408,-99
185,SWIFTJ0733.9+5156,-99,SWIFTJ0733.9+5156,341,SWIFTJ0733.9+5156,-99
186,SWIFTJ0741.4-5447,-99,SWIFTJ0741.4-5447,304,SWIFTJ0741.4-5447,-99
187,SWIFTJ0742.3+8024,-99,SWIFTJ0742.3+8024,400,SWIFTJ0742.3+8024,-99
188,SWIFTJ0743.3-2546,-99,SWIFTJ0743.3-2546,92,SWIFTJ0743.3-2546,-99
189,SWIFTJ0746.3+2548,-99,SWIFTJ0746.3+2548,191,SWIFTJ0746.3+2548,-99
190,SWIFTJ0747.6-7326,-99,SWIFTJ0747.6-7326,286,SWIFTJ0747.6-7326,-99
191,SWIFTJ0752.2+1937,-99,SWIFTJ0752.2+1937,250,SWIFTJ0752.2+1937,-99
192,SWIFTJ0753.1+4559,-99,SWIFTJ0753.1+4559,4,SWIFTJ0753.1+4559,-99
193,SWIFTJ0756.3-4137,-99,SWIFTJ0756.3-4137,407,SWIFTJ0756.3-4137,-99
194,SWIFTJ0800.1+2638,-99,SWIFTJ0800.1+2638,2,SWIFTJ0800.1+2638,-99
195,SWIFTJ0800.5+2327,-99,SWIFTJ0800.5+2327,511,SWIFTJ0800.5+2327,-99
196,SWIFTJ0803.4+0842,-99,SWIFTJ0803.4+0842,69,SWIFTJ0803.4+0842,-99
197,SWIFTJ0804.6+1045,-99,SWIFTJ0804.6+1045,604,SWIFTJ0804.6+1045,-99
198,SWIFTJ0805.1-0110,-99,SWIFTJ0805.1-0110,139,SWIFTJ0805.1-0110,-99
199,SWIFTJ0805.2+6145,-99,SWIFTJ0805.2+6145,238,SWIFTJ0805.2+6145,-99
200,SWIFTJ0814.3+0423,-99,SWIFTJ0814.3+0423,11,SWIFTJ0814.3+0423,-99
201,SWIFTJ0818.1+0120,-99,SWIFTJ0818.1+0120,351,SWIFTJ0818.1+0120,-99
202,SWIFTJ0819.2-2259,-99,SWIFTJ0819.2-2259,70,SWIFTJ0819.2-2259,-99
203,SWIFTJ0830.1+4154,-99,SWIFTJ0830.1+4154,25,SWIFTJ0830.1+4154,-99
204,SWIFTJ0830.4-6723,-99,SWIFTJ0830.4-6723,352,SWIFTJ0830.4-6723,-99
205,SWIFTJ0832.5+3703,-99,SWIFTJ0832.5+3703,90,SWIFTJ0832.5+3703,-99
206,SWIFTJ0839.6-1213,-99,SWIFTJ0839.6-1213,240,SWIFTJ0839.6-1213,-99
207,SWIFTJ0841.4+7052,-99,SWIFTJ0841.4+7052,184,SWIFTJ0841.4+7052,-99
208,SWIFTJ0842.0+0759,-99,SWIFTJ0842.0+0759,236,SWIFTJ0842.0+0759,-99
209,SWIFTJ0843.5+3551,-99,SWIFTJ0843.5+3551,491,SWIFTJ0843.5+3551,-99
210,SWIFTJ0845.0-3531,-99,SWIFTJ0845.0-3531,249,SWIFTJ0845.0-3531,-99
211,SWIFTJ0845.3+1420,-99,SWIFTJ0845.3+1420,366,SWIFTJ0845.3+1420,-99
212,SWIFTJ0855.6+6425,-99,SWIFTJ0855.6+6425,430,SWIFTJ0855.6+6425,-99
213,SWIFTJ0855.7-2856,-99,SWIFTJ0855.7-2856,323,SWIFTJ0855.7-2856,-99
214,SWIFTJ0859.5+4457,-99,SWIFTJ0859.5+4457,319,SWIFTJ0859.5+4457,-99
215,SWIFTJ0902.7-4814,-99,SWIFTJ0902.7-4814,54,SWIFTJ0902.7-4814,-99
216,SWIFTJ0902.7-6816,-99,SWIFTJ0902.7-6816,273,SWIFTJ0902.7-6816,-99
217,SWIFTJ0902.8-7414,-99,SWIFTJ0902.8-7414,465,SWIFTJ0902.8-7414,-99
218,SWIFTJ0904.3+5538,-99,SWIFTJ0904.3+5538,56,SWIFTJ0904.3+5538,-99
219,SWIFTJ0909.0+0358,-99,SWIFTJ0909.0+0358,233,SWIFTJ0909.0+0358,-99
220,SWIFTJ0911.2+4533,-99,SWIFTJ0911.2+4533,409,SWIFTJ0911.2+4533,-99
221,SWIFTJ0917.2-6221,-99,SWIFTJ0917.2-6221,5,SWIFTJ0917.2-6221,-99
222,SWIFTJ0920.8-0805,-99,SWIFTJ0920.8-0805,436,SWIFTJ0920.8-0805,-99
223,SWIFTJ0924.2-3141,-99,SWIFTJ0924.2-3141,391,SWIFTJ0924.2-3141,-99
224,SWIFTJ0925.2-8423,-99,SWIFTJ0925.2-8423,564,SWIFTJ0925.2-8423,-99
225,SWIFTJ0926.1+6931,-99,SWIFTJ0926.1+6931,19,SWIFTJ0926.1+6931,-99
226,SWIFTJ0927.3+2301,-99,SWIFTJ0927.3+2301,24,SWIFTJ0927.3+2301,-99
227,SWIFTJ0929.7+6232,-99,SWIFTJ0929.7+6232,438,SWIFTJ0929.7+6232,-99
228,SWIFTJ0936.2-6553,-99,SWIFTJ0936.2-6553,353,SWIFTJ0936.2-6553,-99
229,SWIFTJ0945.6-1420,-99,SWIFTJ0945.6-1420,467,SWIFTJ0945.6-1420,-99
230,SWIFTJ0947.6-3057,-99,SWIFTJ0947.6-3057,472,SWIFTJ0947.6-3057,-99
231,SWIFTJ0950.5+7318,-99,SWIFTJ0950.5+7318,227,SWIFTJ0950.5+7318,-99
232,SWIFTJ0952.3-6234,-99,SWIFTJ0952.3-6234,362,SWIFTJ0952.3-6234,-99
233,SWIFTJ1001.7+5543,-99,SWIFTJ1001.7+5543,451,SWIFTJ1001.7+5543,-99
234,SWIFTJ1003.4-3726,-99,SWIFTJ1003.4-3726,44,SWIFTJ1003.4-3726,-99
235,SWIFTJ1005.9-2305,-99,SWIFTJ1005.9-2305,114,SWIFTJ1005.9-2305,-99
236,SWIFTJ1007.4+6534,-99,SWIFTJ1007.4+6534,265,SWIFTJ1007.4+6534,-99
237,SWIFTJ1013.5-3601,-99,SWIFTJ1013.5-3601,460,SWIFTJ1013.5-3601,-99
238,SWIFTJ1017.0-0404,-99,SWIFTJ1017.0-0404,284,SWIFTJ1017.0-0404,-99
239,SWIFTJ1020.5-0237B,-99,SWIFTJ1020.5-0237,342,SWIFTJ1020.5-0237,-99
240,SWIFTJ1029.8-3821,-99,SWIFTJ1029.8-3821,461,SWIFTJ1029.8-3821,-99
241,SWIFTJ1031.5+5051,-99,SWIFTJ1031.5+5051,163,SWIFTJ1031.5+5051,-99
242,SWIFTJ1031.5-4205,-99,SWIFTJ1031.5-4205,130,SWIFTJ1031.5-4205,-99
243,SWIFTJ1032.7-2835,-99,SWIFTJ1032.7-2835,137,SWIFTJ1032.7-2835,-99
244,SWIFTJ1033.6+7303,-99,SWIFTJ1033.6+7303,291,SWIFTJ1033.6+7303,-99
245,SWIFTJ1033.8+5257,-99,SWIFTJ1033.8+5257,336,SWIFTJ1033.8+5257,-99
246,SWIFTJ1038.8-4942,-99,SWIFTJ1038.8-4942,23,SWIFTJ1038.8-4942,-99
247,SWIFTJ1040.7-4619,-99,SWIFTJ1040.7-4619,535,SWIFTJ1040.7-4619,-99
248,SWIFTJ1041.4-1740,-99,SWIFTJ1041.4-1740,313,SWIFTJ1041.4-1740,-99
249,SWIFTJ1042.4+0046,-99,SWIFTJ1042.4+0046,514,SWIFTJ1042.4+0046,-99
250,SWIFTJ1043.4+1105,-99,SWIFTJ1043.4+1105,39,SWIFTJ1043.4+1105,-99
251,SWIFTJ1044.1+7024,-99,SWIFTJ1044.1+7024,403,SWIFTJ1044.1+7024,-99
252,SWIFTJ1044.8+3812,-99,SWIFTJ1044.8+3812,380,SWIFTJ1044.8+3812,-99
253,SWIFTJ1046.8+2556,-99,SWIFTJ1046.8+2556,538,SWIFTJ1046.8+2556,-99
254,SWIFTJ1051.2-1704A,-99,SWIFTJ1051.2-1704,344,SWIFTJ1051.2-1704,-99
255,SWIFTJ1051.2-1704B,-99,SWIFTJ1051.2-1704,489,SWIFTJ1051.2-1704,-99
256,SWIFTJ1059.8+6507,-99,SWIFTJ1059.8+6507,464,SWIFTJ1059.8+6507,-99
257,SWIFTJ1103.4+3731,-99,SWIFTJ1103.4+3731,10,SWIFTJ1103.4+3731,-99
258,SWIFTJ1103.5-2329,-99,SWIFTJ1103.5-2329,171,SWIFTJ1103.5-2329,-99
259,SWIFTJ1104.4+3812,-99,SWIFTJ1104.4+3812,159,SWIFTJ1104.4+3812,-99
260,SWIFTJ1105.7+5854A,-99,SWIFTJ1105.7+5854,688,SWIFTJ1105.7+5854,2.19E-05
261,SWIFTJ1106.5+7234,-99,SWIFTJ1106.5+7234,111,SWIFTJ1106.5+7234,-99
262,SWIFTJ1110.6-2832,-99,SWIFTJ1110.6-2832,6,SWIFTJ1110.6-2832,-99
263,SWIFTJ1114.3+2020,-99,SWIFTJ1114.3+2020,315,SWIFTJ1114.3+2020,-99
264,SWIFTJ1114.3+7944,-99,SWIFTJ1114.3+7944,300,SWIFTJ1114.3+7944,-99
265,SWIFTJ1115.3+5423,-99,SWIFTJ1115.3+5423,505,SWIFTJ1115.3+5423,-99
266,SWIFTJ1127.5+1906,-99,SWIFTJ1127.5+1906,348,SWIFTJ1127.5+1906,-99
267,SWIFTJ1130.1-1447,-99,SWIFTJ1130.1-1447,190,SWIFTJ1130.1-1447,-99
268,SWIFTJ1132.7+5301,-99,SWIFTJ1132.7+5301,293,SWIFTJ1132.7+5301,-99
269,SWIFTJ1132.9+1019B,-99,SWIFTJ1132.9+1019,829,SWIFTJ1132.9+1019,0.0011
270,SWIFTJ1136.7+6738,-99,SWIFTJ1136.7+6738,162,SWIFTJ1136.7+6738,-99
271,SWIFTJ1136.7-6007,-99,SWIFTJ1136.7-6007,597,SWIFTJ1136.7-6007,-99
272,SWIFTJ1138.9+2529B,-99,SWIFTJ1138.9+2529,524,SWIFTJ1138.9+2529,-99
273,SWIFTJ1139.0-2323,-99,SWIFTJ1139.0-2323,222,SWIFTJ1139.0-2323,-99
274,SWIFTJ1139.0-3743,-99,SWIFTJ1139.0-3743,21,SWIFTJ1139.0-3743,-99
275,SWIFTJ1139.8+3157,-99,SWIFTJ1139.8+3157,357,SWIFTJ1139.8+3157,-99
276,SWIFTJ1142.2+1021,-99,SWIFTJ1142.2+1021,490,SWIFTJ1142.2+1021,-99
277,SWIFTJ1145.2+5905,-99,SWIFTJ1145.2+5905,134,SWIFTJ1145.2+5905,-99
278,SWIFTJ1145.6-6956,-99,SWIFTJ1145.6-6956,242,SWIFTJ1145.6-6956,-99
279,SWIFTJ1148.7+2941,-99,SWIFTJ1148.7+2941,219,SWIFTJ1148.7+2941,-99
280,SWIFTJ1149.3+5307,-99,SWIFTJ1149.3+5307,214,SWIFTJ1149.3+5307,-99
281,SWIFTJ1152.6-0512,-99,SWIFTJ1152.6-0512,346,SWIFTJ1152.6-0512,-99
282,SWIFTJ1158.9+4234,-99,SWIFTJ1158.9+4234,416,SWIFTJ1158.9+4234,-99
283,SWIFTJ1159.7-2002,-99,SWIFTJ1159.7-2002,260,SWIFTJ1159.7-2002,-99
284,SWIFTJ1200.2-5350,-99,SWIFTJ1200.2-5350,542,SWIFTJ1200.2-5350,-99
285,SWIFTJ1200.8+0650,-99,SWIFTJ1200.8+0650,457,SWIFTJ1200.8+0650,-99
286,SWIFTJ1202.5+3332,-99,SWIFTJ1202.5+3332,384,SWIFTJ1202.5+3332,-99
287,SWIFTJ1204.5+2019,-99,SWIFTJ1204.5+2019,506,SWIFTJ1204.5+2019,-99
288,SWIFTJ1207.5+3355,-99,SWIFTJ1207.5+3355,561,SWIFTJ1207.5+3355,-99
290,SWIFTJ1210.1-4637,-99,SWIFTJ1210.1-4637,356,SWIFTJ1210.1-4637,-99
291,SWIFTJ1210.7+3819,-99,SWIFTJ1210.7+3819,8,SWIFTJ1210.7+3819,-99
292,SWIFTJ1211.3-3935,-99,SWIFTJ1211.3-3935,545,SWIFTJ1211.3-3935,-99
293,SWIFTJ1213.1+3239A,-99,SWIFTJ1213.1+3239,264,SWIFTJ1213.1+3239,-99
294,SWIFTJ1213.1+3239B,-99,SWIFTJ1213.1+3239,500,SWIFTJ1213.1+3239,-99
295,SWIFTJ1214.3+2933,-99,SWIFTJ1214.3+2933,594,SWIFTJ1214.3+2933,-99
296,SWIFTJ1217.2-2611,-99,SWIFTJ1217.2-2611,603,SWIFTJ1217.2-2611,-99
297,SWIFTJ1217.3+0714,-99,SWIFTJ1217.3+0714,12,SWIFTJ1217.3+0714,-99
298,SWIFTJ1221.3+3012,-99,SWIFTJ1221.3+3012,155,SWIFTJ1221.3+3012,-99
299,SWIFTJ1222.4+0414,-99,SWIFTJ1222.4+0414,197,SWIFTJ1222.4+0414,-99
300,SWIFTJ1222.4+7520,-99,SWIFTJ1222.4+7520,151,SWIFTJ1222.4+7520,-99
301,SWIFTJ1224.9+2122,-99,SWIFTJ1224.9+2122,196,SWIFTJ1224.9+2122,-99
302,SWIFTJ1231.4+5758,-99,SWIFTJ1231.4+5758,330,SWIFTJ1231.4+5758,-99
303,SWIFTJ1239.3-1611,-99,SWIFTJ1239.3-1611,521,SWIFTJ1239.3-1611,-99
304,SWIFTJ1240.2+3457A,-99,SWIFTJ1240.2+3457,52,SWIFTJ1240.2+3457,-99
305,SWIFTJ1240.2+3457B,-99,SWIFTJ1240.2+3457,463,SWIFTJ1240.2+3457,-99
306,SWIFTJ1240.9+2735,-99,SWIFTJ1240.9+2735,471,SWIFTJ1240.9+2735,-99
307,SWIFTJ1240.9-3331,-99,SWIFTJ1240.9-3331,105,SWIFTJ1240.9-3331,-99
308,SWIFTJ1248.2-5828,-99,SWIFTJ1248.2-5828,379,SWIFTJ1248.2-5828,-99
309,SWIFTJ1255.0-2657,-99,SWIFTJ1255.0-2657,370,SWIFTJ1255.0-2657,-99
310,SWIFTJ1256.2-0551,-99,SWIFTJ1256.2-0551,187,SWIFTJ1256.2-0551,-99
311,SWIFTJ1300.1+1635,-99,SWIFTJ1300.1+1635,398,SWIFTJ1300.1+1635,-99
312,SWIFTJ1302.9+1620,-99,SWIFTJ1302.9+1620,100,SWIFTJ1302.9+1620,-99
313,SWIFTJ1303.8+5345,-99,SWIFTJ1303.8+5345,16,SWIFTJ1303.8+5345,-99
314,SWIFTJ1304.3-1022,-99,SWIFTJ1304.3-1022,556,SWIFTJ1304.3-1022,-99
315,SWIFTJ1305.4-4928,-99,SWIFTJ1305.4-4928,483,SWIFTJ1305.4-4928,-99
316,SWIFTJ1310.7+0834,-99,SWIFTJ1310.7+0834,525,SWIFTJ1310.7+0834,-99
317,SWIFTJ1312.1-5631,-99,SWIFTJ1312.1-5631,278,SWIFTJ1312.1-5631,-99
318,SWIFTJ1315.8+4420,-99,SWIFTJ1315.8+4420,441,SWIFTJ1315.8+4420,-99
319,SWIFTJ1321.2+0859,-99,SWIFTJ1321.2+0859,205,SWIFTJ1321.2+0859,-99
320,SWIFTJ1331.2-2524,-99,SWIFTJ1331.2-2524,41,SWIFTJ1331.2-2524,-99
321,SWIFTJ1331.6-0504,-99,SWIFTJ1331.6-0504,246,SWIFTJ1331.6-0504,-99
322,SWIFTJ1332.0-7754,-99,SWIFTJ1332.0-7754,279,SWIFTJ1332.0-7754,-99
323,SWIFTJ1333.5-3401,-99,SWIFTJ1333.5-3401,424,SWIFTJ1333.5-3401,-99
324,SWIFTJ1334.8-2328D1,-99,SWIFTJ1334.8-2328,546,SWIFTJ1334.8-2328,-99
325,SWIFTJ1334.8-2328D2,-99,SWIFTJ1334.8-2328,546,SWIFTJ1334.8-2328,-99
326,SWIFTJ1336.0+0304,-99,SWIFTJ1336.0+0304,415,SWIFTJ1336.0+0304,-99
327,SWIFTJ1337.7-1253,-99,SWIFTJ1337.7-1253,179,SWIFTJ1337.7-1253,-99
328,SWIFTJ1341.5+6742,-99,SWIFTJ1341.5+6742,420,SWIFTJ1341.5+6742,-99
329,SWIFTJ1341.9+3537,-99,SWIFTJ1341.9+3537,376,SWIFTJ1341.9+3537,-99
330,SWIFTJ1344.7+1934,-99,SWIFTJ1344.7+1934,373,SWIFTJ1344.7+1934,-99
331,SWIFTJ1345.5+4139,-99,SWIFTJ1345.5+4139,443,SWIFTJ1345.5+4139,-99
332,SWIFTJ1347.4-6033,-99,SWIFTJ1347.4-6033,103,SWIFTJ1347.4-6033,-99
333,SWIFTJ1347.7+0212,-99,SWIFTJ1347.7+0212,614,SWIFTJ1347.7+0212,-99
334,SWIFTJ1349.7+0209,-99,SWIFTJ1349.7+0209,53,SWIFTJ1349.7+0209,-99
335,SWIFTJ1353.7-1122,-99,SWIFTJ1353.7-1122,282,SWIFTJ1353.7-1122,-99
336,SWIFTJ1354.1-3748,-99,SWIFTJ1354.1-3748,387,SWIFTJ1354.1-3748,-99
337,SWIFTJ1354.5+1326,-99,SWIFTJ1354.5+1326,591,SWIFTJ1354.5+1326,-99
338,SWIFTJ1355.6+3524,-99,SWIFTJ1355.6+3524,335,SWIFTJ1355.6+3524,-99
339,SWIFTJ1356.1+3832,-99,SWIFTJ1356.1+3832,110,SWIFTJ1356.1+3832,-99
340,SWIFTJ1356.6-1932,-99,SWIFTJ1356.6-1932,60,SWIFTJ1356.6-1932,-99
341,SWIFTJ1410.9-4229,-99,SWIFTJ1410.9-4229,486,SWIFTJ1410.9-4229,-99
342,SWIFTJ1412.9-6522,-99,SWIFTJ1412.9-6522,207,SWIFTJ1412.9-6522,-99
343,SWIFTJ1417.7+2539,-99,SWIFTJ1417.7+2539,160,SWIFTJ1417.7+2539,-99
344,SWIFTJ1417.7+6143,-99,SWIFTJ1417.7+6143,269,SWIFTJ1417.7+6143,-99
345,SWIFTJ1417.9+2507,-99,SWIFTJ1417.9+2507,116,SWIFTJ1417.9+2507,-99
346,SWIFTJ1424.2+2435,-99,SWIFTJ1424.2+2435,458,SWIFTJ1424.2+2435,-99
347,SWIFTJ1428.7+4234,-99,SWIFTJ1428.7+4234,169,SWIFTJ1428.7+4234,-99
348,SWIFTJ1433.9+0528,-99,SWIFTJ1433.9+0528,363,SWIFTJ1433.9+0528,-99
349,SWIFTJ1434.9+4837,-99,SWIFTJ1434.9+4837,42,SWIFTJ1434.9+4837,-99
350,SWIFTJ1436.8-1615,-99,SWIFTJ1436.8-1615,206,SWIFTJ1436.8-1615,-99
351,SWIFTJ1439.2+1417,-99,SWIFTJ1439.2+1417,73,SWIFTJ1439.2+1417,-99
352,SWIFTJ1445.6+2702,-99,SWIFTJ1445.6+2702,368,SWIFTJ1445.6+2702,-99
353,SWIFTJ1446.7-6416,-99,SWIFTJ1446.7-6416,86,SWIFTJ1446.7-6416,-99
354,SWIFTJ1448.7-4009,-99,SWIFTJ1448.7-4009,608,SWIFTJ1448.7-4009,-99
355,SWIFTJ1449.5+8602,-99,SWIFTJ1449.5+8602,318,SWIFTJ1449.5+8602,-99
356,SWIFTJ1451.0-5540A,-99,SWIFTJ1451.0-5540,210,SWIFTJ1451.0-5540,-99
357,SWIFTJ1451.0-5540B,-99,SWIFTJ1451.0-5540,554,SWIFTJ1451.0-5540,-99
358,SWIFTJ1453.3+2558,-99,SWIFTJ1453.3+2558,77,SWIFTJ1453.3+2558,-99
359,SWIFTJ1454.9-5133,-99,SWIFTJ1454.9-5133,81,SWIFTJ1454.9-5133,-99
360,SWIFTJ1458.9+7143,-99,SWIFTJ1458.9+7143,96,SWIFTJ1458.9+7143,-99
361,SWIFTJ1506.7+0353B,-99,SWIFTJ1506.7+0353,697,SWIFTJ1506.7+0353,2.49E-05
362,SWIFTJ1508.8-0013,-99,SWIFTJ1508.8-0013,107,SWIFTJ1508.8-0013,-99
363,SWIFTJ1512.2-1053B,-99,SWIFTJ1512.2-1053,326,SWIFTJ1512.2-1053,-99
364,SWIFTJ1515.0+4205,-99,SWIFTJ1515.0+4205,406,SWIFTJ1515.0+4205,-99
365,SWIFTJ1533.2-0836,-99,SWIFTJ1533.2-0836,578,SWIFTJ1533.2-0836,-99
366,SWIFTJ1535.8-5749,-99,SWIFTJ1535.8-5749,211,SWIFTJ1535.8-5749,-99
367,SWIFTJ1542.0-1410,-99,SWIFTJ1542.0-1410,143,SWIFTJ1542.0-1410,-99
368,SWIFTJ1546.3+6928,-99,SWIFTJ1546.3+6928,382,SWIFTJ1546.3+6928,-99
369,SWIFTJ1547.5+2050,-99,SWIFTJ1547.5+2050,245,SWIFTJ1547.5+2050,-99
370,SWIFTJ1548.5-1344,-99,SWIFTJ1548.5-1344,569,SWIFTJ1548.5-1344,-99
371,SWIFTJ1553.6+2606,-99,SWIFTJ1553.6+2606,244,SWIFTJ1553.6+2606,-99
372,SWIFTJ1553.6+2347,-99,SWIFTJ1553.6+2347,616,SWIFTJ1553.6+2347,-99
373,SWIFTJ1557.8-7913,-99,SWIFTJ1557.8-7913,62,SWIFTJ1557.8-7913,-99
374,SWIFTJ1605.9-7250,-99,SWIFTJ1605.9-7250,271,SWIFTJ1605.9-7250,-99
375,SWIFTJ1607.2+4834,-99,SWIFTJ1607.2+4834,55,SWIFTJ1607.2+4834,-99
376,SWIFTJ1607.4+8502,-99,SWIFTJ1607.4+8502,59,SWIFTJ1607.4+8502,-99
377,SWIFTJ1617.8+3223,-99,SWIFTJ1617.8+3223,65,SWIFTJ1617.8+3223,-99
378,SWIFTJ1621.2+8104,-99,SWIFTJ1621.2+8104,553,SWIFTJ1621.2+8104,-99
379,SWIFTJ1625.9+4349,-99,SWIFTJ1625.9+4349,261,SWIFTJ1625.9+4349,-99
380,SWIFTJ1626.5-2951,-99,SWIFTJ1626.5-2951,192,SWIFTJ1626.5-2951,-99
381,SWIFTJ1629.9+6722,-99,SWIFTJ1629.9+6722,84,SWIFTJ1629.9+6722,-99
382,SWIFTJ1643.1+3951,-99,SWIFTJ1643.1+3951,199,SWIFTJ1643.1+3951,-99
383,SWIFTJ1650.5+0434,-99,SWIFTJ1650.5+0434,528,SWIFTJ1650.5+0434,-99
384,SWIFTJ1652.0-5915B,-99,SWIFTJ1652.0-5915,213,SWIFTJ1652.0-5915,-99
385,SWIFTJ1652.3+5554,-99,SWIFTJ1652.3+5554,508,SWIFTJ1652.3+5554,-99
386,SWIFTJ1654.0+3946,-99,SWIFTJ1654.0+3946,164,SWIFTJ1654.0+3946,-99
387,SWIFTJ1656.3-3302,-99,SWIFTJ1656.3-3302,185,SWIFTJ1656.3-3302,-99
388,SWIFTJ1719.7+4900,-99,SWIFTJ1719.7+4900,79,SWIFTJ1719.7+4900,-99
389,SWIFTJ1721.7+4316,-99,SWIFTJ1721.7+4316,193,SWIFTJ1721.7+4316,-99
390,SWIFTJ1723.5+3630,-99,SWIFTJ1723.5+3630,102,SWIFTJ1723.5+3630,-99
391,SWIFTJ1733.3+3635,-99,SWIFTJ1733.3+3635,132,SWIFTJ1733.3+3635,-99
392,SWIFTJ1737.5-2908,-99,SWIFTJ1737.5-2908,67,SWIFTJ1737.5-2908,-99
393,SWIFTJ1742.1-6054,-99,SWIFTJ1742.1-6054,266,SWIFTJ1742.1-6054,-99
394,SWIFTJ1742.2+1833,-99,SWIFTJ1742.2+1833,241,SWIFTJ1742.2+1833,-99
395,SWIFTJ1743.4+6253,-99,SWIFTJ1743.4+6253,428,SWIFTJ1743.4+6253,-99
396,SWIFTJ1745.4+2906,-99,SWIFTJ1745.4+2906,71,SWIFTJ1745.4+2906,-99
397,SWIFTJ1747.7-2253,-99,SWIFTJ1747.7-2253,607,SWIFTJ1747.7-2253,-99
398,SWIFTJ1747.8+6837A,-99,SWIFTJ1747.8+6837,640,SWIFTJ1747.8+6837,7.34E-06
399,SWIFTJ1748.8-3257,-99,SWIFTJ1748.8-3257,14,SWIFTJ1748.8-3257,-99
400,SWIFTJ1751.8-6019,-99,SWIFTJ1751.8-6019,138,SWIFTJ1751.8-6019,-99
401,SWIFTJ1802.8-1455,-99,SWIFTJ1802.8-1455,35,SWIFTJ1802.8-1455,-99
402,SWIFTJ1816.0+4236,-99,SWIFTJ1816.0+4236,582,SWIFTJ1816.0+4236,-99
403,SWIFTJ1821.6+5953,-99,SWIFTJ1821.6+5953,58,SWIFTJ1821.6+5953,-99
404,SWIFTJ1824.2+1845,-99,SWIFTJ1824.2+1845,446,SWIFTJ1824.2+1845,-99
405,SWIFTJ1824.3-5624,-99,SWIFTJ1824.3-5624,522,SWIFTJ1824.3-5624,-99
406,SWIFTJ1825.7+7215,-99,SWIFTJ1825.7+7215,324,SWIFTJ1825.7+7215,-99
407,SWIFTJ1826.1-0710,-99,SWIFTJ1826.1-0710,61,SWIFTJ1826.1-0710,-99
408,SWIFTJ1826.8+3254,-99,SWIFTJ1826.8+3254,426,SWIFTJ1826.8+3254,-99
409,SWIFTJ1829.4+4846,-99,SWIFTJ1829.4+4846,122,SWIFTJ1829.4+4846,-99
410,SWIFTJ1830.8+0928,-99,SWIFTJ1830.8+0928,412,SWIFTJ1830.8+0928,-99
411,SWIFTJ1833.7-2105,-99,SWIFTJ1833.7-2105,181,SWIFTJ1833.7-2105,-99
412,SWIFTJ1836.9-5924,-99,SWIFTJ1836.9-5924,434,SWIFTJ1836.9-5924,-99
413,SWIFTJ1844.5-6221,-99,SWIFTJ1844.5-6221,68,SWIFTJ1844.5-6221,-99
414,SWIFTJ1845.4+7211,-99,SWIFTJ1845.4+7211,462,SWIFTJ1845.4+7211,-99
415,SWIFTJ1856.1+1539,-99,SWIFTJ1856.1+1539,72,SWIFTJ1856.1+1539,-99
416,SWIFTJ1856.2-7829,-99,SWIFTJ1856.2-7829,74,SWIFTJ1856.2-7829,-99
417,SWIFTJ1856.5-7851,-99,SWIFTJ1856.5-7851,15,SWIFTJ1856.5-7851,-99
418,SWIFTJ1903.9+3349,-99,SWIFTJ1903.9+3349,128,SWIFTJ1903.9+3349,-99
419,SWIFTJ1913.3-5010,-99,SWIFTJ1913.3-5010,475,SWIFTJ1913.3-5010,-99
420,SWIFTJ1919.4-2958,-99,SWIFTJ1919.4-2958,365,SWIFTJ1919.4-2958,-99
421,SWIFTJ1925.0+5041,-99,SWIFTJ1925.0+5041,310,SWIFTJ1925.0+5041,-99
422,SWIFTJ1926.9+4140,-99,SWIFTJ1926.9+4140,485,SWIFTJ1926.9+4140,-99
423,SWIFTJ1928.0+7356,-99,SWIFTJ1928.0+7356,176,SWIFTJ1928.0+7356,-99
424,SWIFTJ1930.5+3414,-99,SWIFTJ1930.5+3414,78,SWIFTJ1930.5+3414,-99
425,SWIFTJ1933.9+3258,-99,SWIFTJ1933.9+3258,95,SWIFTJ1933.9+3258,-99
426,SWIFTJ1943.5+2120,-99,SWIFTJ1943.5+2120,611,SWIFTJ1943.5+2120,-99
427,SWIFTJ1952.4+0237,-99,SWIFTJ1952.4+0237,468,SWIFTJ1952.4+0237,-99
428,SWIFTJ1959.6+6507,-99,SWIFTJ1959.6+6507,150,SWIFTJ1959.6+6507,-99
429,SWIFTJ2001.0-1811,-99,SWIFTJ2001.0-1811,82,SWIFTJ2001.0-1811,-99
430,SWIFTJ2006.5+5619,-99,SWIFTJ2006.5+5619,529,SWIFTJ2006.5+5619,-99
431,SWIFTJ2009.0-6103,-99,SWIFTJ2009.0-6103,57,SWIFTJ2009.0-6103,-99
432,SWIFTJ2009.6-4851,-99,SWIFTJ2009.6-4851,156,SWIFTJ2009.6-4851,-99
433,SWIFTJ2010.7+4801,-99,SWIFTJ2010.7+4801,540,SWIFTJ2010.7+4801,-99
434,SWIFTJ2011.5-1544,-99,SWIFTJ2011.5-1544,252,SWIFTJ2011.5-1544,-99
435,SWIFTJ2015.2+2526,-99,SWIFTJ2015.2+2526,209,SWIFTJ2015.2+2526,-99
436,SWIFTJ2015.9+3715,-99,SWIFTJ2015.9+3715,182,SWIFTJ2015.9+3715,-99
437,SWIFTJ2018.4-5539,-99,SWIFTJ2018.4-5539,226,SWIFTJ2018.4-5539,-99
438,SWIFTJ2021.9+4400,-99,SWIFTJ2021.9+4400,550,SWIFTJ2021.9+4400,-99
439,SWIFTJ2029.4-6149,-99,SWIFTJ2029.4-6149,136,SWIFTJ2029.4-6149,-99
440,SWIFTJ2030.2-7532,-99,SWIFTJ2030.2-7532,248,SWIFTJ2030.2-7532,-99
441,SWIFTJ2033.4+2147,-99,SWIFTJ2033.4+2147,243,SWIFTJ2033.4+2147,-99
442,SWIFTJ2035.6-5013,-99,SWIFTJ2035.6-5013,532,SWIFTJ2035.6-5013,-99
443,SWIFTJ2052.0-5704,-99,SWIFTJ2052.0-5704,419,SWIFTJ2052.0-5704,-99
444,SWIFTJ2056.0-4713,-99,SWIFTJ2056.0-4713,194,SWIFTJ2056.0-4713,-99
445,SWIFTJ2102.6-2810,-99,SWIFTJ2102.6-2810,613,SWIFTJ2102.6-2810,-99
446,SWIFTJ2109.2+3531,-99,SWIFTJ2109.2+3531,262,SWIFTJ2109.2+3531,-99
447,SWIFTJ2114.4+8206,-99,SWIFTJ2114.4+8206,29,SWIFTJ2114.4+8206,-99
448,SWIFTJ2117.5+5139,-99,SWIFTJ2117.5+5139,125,SWIFTJ2117.5+5139,-99
449,SWIFTJ2118.9+3336,-99,SWIFTJ2118.9+3336,349,SWIFTJ2118.9+3336,-99
450,SWIFTJ2123.6+2506,-99,SWIFTJ2123.6+2506,587,SWIFTJ2123.6+2506,-99
451,SWIFTJ2124.6+5057,-99,SWIFTJ2124.6+5057,177,SWIFTJ2124.6+5057,-99
452,SWIFTJ2127.4+5654,-99,SWIFTJ2127.4+5654,38,SWIFTJ2127.4+5654,-99
453,SWIFTJ2129.1-1538,-99,SWIFTJ2129.1-1538,202,SWIFTJ2129.1-1538,-99
454,SWIFTJ2136.8-6444,-99,SWIFTJ2136.8-6444,51,SWIFTJ2136.8-6444,-99
455,SWIFTJ2138.8-3207,-99,SWIFTJ2138.8-3207,104,SWIFTJ2138.8-3207,-99
456,SWIFTJ2139.7+5951,-99,SWIFTJ2139.7+5951,106,SWIFTJ2139.7+5951,-99
457,SWIFTJ2148.0+0657,-99,SWIFTJ2148.0+0657,183,SWIFTJ2148.0+0657,-99
458,SWIFTJ2152.0-3030,-99,SWIFTJ2152.0-3030,186,SWIFTJ2152.0-3030,-99
459,SWIFTJ2156.2+1724,-99,SWIFTJ2156.2+1724,290,SWIFTJ2156.2+1724,-99
460,SWIFTJ2201.9+5057,-99,SWIFTJ2201.9+5057,230,SWIFTJ2201.9+5057,-99
461,SWIFTJ2202.8+4218,-99,SWIFTJ2202.8+4218,158,SWIFTJ2202.8+4218,-99
462,SWIFTJ2203.0+3146,-99,SWIFTJ2203.0+3146,201,SWIFTJ2203.0+3146,-99
463,SWIFTJ2211.7+1843,-99,SWIFTJ2211.7+1843,1,SWIFTJ2211.7+1843,-99
464,SWIFTJ2214.2-2557,-99,SWIFTJ2214.2-2557,350,SWIFTJ2214.2-2557,-99
465,SWIFTJ2219.7+2614,-99,SWIFTJ2219.7+2614,234,SWIFTJ2219.7+2614,-99
466,SWIFTJ2223.8+1143,-99,SWIFTJ2223.8+1143,117,SWIFTJ2223.8+1143,-99
467,SWIFTJ2223.9-0207,-99,SWIFTJ2223.9-0207,417,SWIFTJ2223.9-0207,-99
468,SWIFTJ2226.8+3628,-99,SWIFTJ2226.8+3628,544,SWIFTJ2226.8+3628,-99
469,SWIFTJ2229.7-0831,-99,SWIFTJ2229.7-0831,200,SWIFTJ2229.7-0831,-99
470,SWIFTJ2229.9+6646,-99,SWIFTJ2229.9+6646,43,SWIFTJ2229.9+6646,-99
471,SWIFTJ2232.5+1141,-99,SWIFTJ2232.5+1141,195,SWIFTJ2232.5+1141,-99
472,SWIFTJ2234.8-2542,-99,SWIFTJ2234.8-2542,431,SWIFTJ2234.8-2542,-99
473,SWIFTJ2235.9-2602,-99,SWIFTJ2235.9-2602,367,SWIFTJ2235.9-2602,-99
474,SWIFTJ2236.7-1233,-99,SWIFTJ2236.7-1233,145,SWIFTJ2236.7-1233,-99
475,SWIFTJ2237.0+2543,-99,SWIFTJ2237.0+2543,312,SWIFTJ2237.0+2543,-99
476,SWIFTJ2248.8+1725,-99,SWIFTJ2248.8+1725,301,SWIFTJ2248.8+1725,-99
477,SWIFTJ2250.7-0854,-99,SWIFTJ2250.7-0854,113,SWIFTJ2250.7-0854,-99
478,SWIFTJ2251.8-3210,-99,SWIFTJ2251.8-3210,173,SWIFTJ2251.8-3210,-99
479,SWIFTJ2251.9+2215,-99,SWIFTJ2251.9+2215,253,SWIFTJ2251.9+2215,-99
480,SWIFTJ2253.9+1608,-99,SWIFTJ2253.9+1608,189,SWIFTJ2253.9+1608,-99
481,SWIFTJ2254.1-1734,-99,SWIFTJ2254.1-1734,20,SWIFTJ2254.1-1734,-99
482,SWIFTJ2254.2+1147B,-99,SWIFTJ2254.2+1147,825,SWIFTJ2254.2+1147,0.00053
483,SWIFTJ2256.5+0526,-99,SWIFTJ2256.5+0526,121,SWIFTJ2256.5+0526,-99
484,SWIFTJ2258.9+4054,-99,SWIFTJ2258.9+4054,374,SWIFTJ2258.9+4054,-99
485,SWIFTJ2259.7+2458,-99,SWIFTJ2259.7+2458,13,SWIFTJ2259.7+2458,-99
486,SWIFTJ2302.1+1557,-99,SWIFTJ2302.1+1557,216,SWIFTJ2302.1+1557,-99
487,SWIFTJ2307.1+0433,-99,SWIFTJ2307.1+0433,64,SWIFTJ2307.1+0433,-99
488,SWIFTJ2307.9+2245,-99,SWIFTJ2307.9+2245,605,SWIFTJ2307.9+2245,-99
489,SWIFTJ2320.8+6434,-99,SWIFTJ2320.8+6434,141,SWIFTJ2320.8+6434,-99
490,SWIFTJ2325.5-3827,-99,SWIFTJ2325.5-3827,9,SWIFTJ2325.5-3827,-99
491,SWIFTJ2325.6+2157,-99,SWIFTJ2325.6+2157,45,SWIFTJ2325.6+2157,-99
492,SWIFTJ2327.4+1525,-99,SWIFTJ2327.4+1525,63,SWIFTJ2327.4+1525,-99
493,SWIFTJ2327.5+0938,-99,SWIFTJ2327.5+0938,263,SWIFTJ2327.5+0938,-99
494,SWIFTJ2330.5+7124,-99,SWIFTJ2330.5+7124,481,SWIFTJ2330.5+7124,-99
495,SWIFTJ2333.9-2342,-99,SWIFTJ2333.9-2342,433,SWIFTJ2333.9-2342,-99
496,SWIFTJ2343.9+0537,-99,SWIFTJ2343.9+0537,297,SWIFTJ2343.9+0537,-99
497,SWIFTJ2346.8+5143,-99,SWIFTJ2346.8+5143,153,SWIFTJ2346.8+5143,-99
498,SWIFTJ2359.0-3038,-99,SWIFTJ2359.0-3038,149,SWIFTJ2359.0-3038,-99
499,SWIFTJ0602.2+2829,0.02,SWIFTJ0602.2+2829,36,SWIFTJ0602.2+2829,-99
500,SWIFTJ0656.4-4921,0.04,SWIFTJ0656.4-4921,405,SWIFTJ0656.4-4921,-99
501,SWIFTJ1921.1-5842,0.04,SWIFTJ1921.1-5842,835,SWIFTJ1921.1-5842,0.00477
502,SWIFTJ2116.3+2512,0.04,SWIFTJ2116.3+2512,772,SWIFTJ2116.3+2512,8.61E-05
503,SWIFTJ2156.1+4728,0.04,SWIFTJ2156.1+4728,832,SWIFTJ2156.1+4728,0.00236
504,SWIFTJ1132.9+1019A,0.05,SWIFTJ1132.9+1019,829,SWIFTJ1132.9+1019,0.0011
505,SWIFTJ1631.7+2353,0.06,SWIFTJ1631.7+2353,823,SWIFTJ1631.7+2353,0.000492
506,SWIFTJ2035.2+2604,0.06,SWIFTJ2035.2+2604,795,SWIFTJ2035.2+2604,0.000141
507,SWIFTJ2134.9-2729,0.06,SWIFTJ2134.9-2729,778,SWIFTJ2134.9-2729,9.69E-05
508,SWIFTJ2254.2+1147A,0.06,SWIFTJ2254.2+1147,825,SWIFTJ2254.2+1147,0.00053
509,SWIFTJ0947.7+0726,0.061,SWIFTJ0947.7+0726,836,SWIFTJ0947.7+0726,0.00836
510,SWIFTJ0641.3+3257,0.07,SWIFTJ0641.3+3257,541,SWIFTJ0641.3+3257,-99
511,SWIFTJ0655.8+3957,0.07,SWIFTJ0655.8+3957,794,SWIFTJ0655.8+3957,0.000135
512,SWIFTJ0942.2+2344,0.07,SWIFTJ0942.2+2344,757,SWIFTJ0942.2+2344,6.13E-05
513,SWIFTJ1105.7+5854B,0.07,SWIFTJ1105.7+5854,688,SWIFTJ1105.7+5854,2.19E-05
514,SWIFTJ1508.6-4953,0.07,SWIFTJ1508.6-4953,758,SWIFTJ1508.6-4953,6.14E-05
515,SWIFTJ2018.8+4041,0.07,SWIFTJ2018.8+4041,526,SWIFTJ2018.8+4041,-99
516,SWIFTJ1427.5+1949,0.075,SWIFTJ1427.5+1949,798,SWIFTJ1427.5+1949,0.000152
517,SWIFTJ1807.9+1124,0.077,SWIFTJ1807.9+1124,824,SWIFTJ1807.9+1124,0.000523
518,SWIFTJ0242.2+0531,0.079,SWIFTJ0242.2+0531,765,SWIFTJ0242.2+0531,7.72E-05
519,SWIFTJ0441.2-2704,0.079,SWIFTJ0441.2-2704,779,SWIFTJ0441.2-2704,0.000101
520,SWIFTJ0354.2+0250,0.08,SWIFTJ0354.2+0250,641,SWIFTJ0354.2+0250,7.9E-06
521,SWIFTJ0634.7-7445,0.08,SWIFTJ0634.7-7445,663,SWIFTJ0634.7-7445,1.35E-05
522,SWIFTJ0654.6+0700,0.08,SWIFTJ0654.6+0700,812,SWIFTJ0654.6+0700,0.000204
523,SWIFTJ1144.1+3652,0.08,SWIFTJ1144.1+3652,787,SWIFTJ1144.1+3652,0.00012
524,SWIFTJ1205.8+4959,0.08,SWIFTJ1205.8+4959,633,SWIFTJ1205.8+4959,5.84E-06
525,SWIFTJ1346.4+1924,0.08,SWIFTJ1346.4+1924,775,SWIFTJ1346.4+1924,9.05E-05
526,SWIFTJ1521.8+0334,0.08,SWIFTJ1521.8+0334,649,SWIFTJ1521.8+0334,8.81E-06
527,SWIFTJ1530.0-1300,0.08,SWIFTJ1530.0-1300,686,SWIFTJ1530.0-1300,2.14E-05
528,SWIFTJ1822.0+6421,0.08,SWIFTJ1822.0+6421,703,SWIFTJ1822.0+6421,2.88E-05
529,SWIFTJ2137.8-1433,0.08,SWIFTJ2137.8-1433,628,SWIFTJ2137.8-1433,4.85E-06
530,SWIFTJ1023.5+1952,0.081,SWIFTJ1023.5+1952,816,SWIFTJ1023.5+1952,0.000258
531,SWIFTJ1349.3-3018,0.081,SWIFTJ1349.3-3018,831,SWIFTJ1349.3-3018,0.00117
532,SWIFTJ0801.9-4946,0.082,SWIFTJ0801.9-4946,797,SWIFTJ0801.9-4946,0.000151
533,SWIFTJ0042.9+3016B,0.09,SWIFTJ0042.9+3016,736,SWIFTJ0042.9+3016,4.62E-05
534,SWIFTJ0130.2-4552,0.09,SWIFTJ0130.2-4552,618,SWIFTJ0130.2-4552,2.11E-06
535,SWIFTJ0325.0-4154,0.09,SWIFTJ0325.0-4154,704,SWIFTJ0325.0-4154,2.97E-05
536,SWIFTJ0334.4-1515,0.09,SWIFTJ0334.4-1515,665,SWIFTJ0334.4-1515,1.41E-05
537,SWIFTJ0347.0-3027,0.09,SWIFTJ0347.0-3027,658,SWIFTJ0347.0-3027,1.1E-05
538,SWIFTJ0429.6-2114,0.09,SWIFTJ0429.6-2114,667,SWIFTJ0429.6-2114,1.47E-05
539,SWIFTJ0441.8-0823,0.09,SWIFTJ0441.8-0823,783,SWIFTJ0441.8-0823,0.000113
540,SWIFTJ0951.9-0649,0.09,SWIFTJ0951.9-0649,754,SWIFTJ0951.9-0649,6.03E-05
541,SWIFTJ1136.0+2132,0.09,SWIFTJ1136.0+2132,802,SWIFTJ1136.0+2132,0.000164
542,SWIFTJ1152.1-1122,0.09,SWIFTJ1152.1-1122,729,SWIFTJ1152.1-1122,4.11E-05
543,SWIFTJ1204.8+2758,0.09,SWIFTJ1204.8+2758,693,SWIFTJ1204.8+2758,2.33E-05
544,SWIFTJ1352.8+6917,0.09,SWIFTJ1352.8+6917,759,SWIFTJ1352.8+6917,6.15E-05
545,SWIFTJ1429.2+0118,0.09,SWIFTJ1429.2+0118,762,SWIFTJ1429.2+0118,6.61E-05
546,SWIFTJ1614.0+6544,0.09,SWIFTJ1614.0+6544,673,SWIFTJ1614.0+6544,1.7E-05
547,SWIFTJ1708.6+2155,0.09,SWIFTJ1708.6+2155,632,SWIFTJ1708.6+2155,5.81E-06
548,SWIFTJ2109.1-0942,0.09,SWIFTJ2109.1-0942,819,SWIFTJ2109.1-0942,0.000311
549,SWIFTJ2301.4-5916,0.09,SWIFTJ2301.4-5916,714,SWIFTJ2301.4-5916,3.26E-05
550,SWIFTJ1210.5+3924,0.093,SWIFTJ1210.5+3924,830,SWIFTJ1210.5+3924,0.00112
551,SWIFTJ1239.6-0519,0.093,SWIFTJ1239.6-0519,799,SWIFTJ1239.6-0519,0.000156
552,SWIFTJ1436.4+5846,0.094,SWIFTJ1436.4+5846,789,SWIFTJ1436.4+5846,0.00012
553,SWIFTJ1835.0+3240,0.097,SWIFTJ1835.0+3240,817,SWIFTJ1835.0+3240,0.00026
554,SWIFTJ2248.7-5109,0.098,SWIFTJ2248.7-5109,726,SWIFTJ2248.7-5109,3.83E-05
555,SWIFTJ0810.9+7602,0.099,SWIFTJ0810.9+7602,803,SWIFTJ0810.9+7602,0.000165
556,SWIFTJ0122.0-2818,0.1,SWIFTJ0122.0-2818,731,SWIFTJ0122.0-2818,4.16E-05
557,SWIFTJ0123.9-5846,0.1,SWIFTJ0123.9-5846,806,SWIFTJ0123.9-5846,0.000172
558,SWIFTJ0126.2+1517,0.1,SWIFTJ0126.2+1517,770,SWIFTJ0126.2+1517,7.95E-05
559,SWIFTJ0127.5+1910,0.1,SWIFTJ0127.5+1910,738,SWIFTJ0127.5+1910,4.77E-05
560,SWIFTJ0134.8-0430,0.1,SWIFTJ0134.8-0430,696,SWIFTJ0134.8-0430,2.47E-05
561,SWIFTJ0235.3-2934,0.1,SWIFTJ0235.3-2934,637,SWIFTJ0235.3-2934,6.94E-06
562,SWIFTJ0241.6+0711,0.1,SWIFTJ0241.6+0711,739,SWIFTJ0241.6+0711,4.81E-05
563,SWIFTJ0342.0-2115,0.1,SWIFTJ0342.0-2115,781,SWIFTJ0342.0-2115,0.000107
564,SWIFTJ0418.3+3800,0.1,SWIFTJ0418.3+3800,834,SWIFTJ0418.3+3800,0.00272
565,SWIFTJ0426.2-5711,0.1,SWIFTJ0426.2-5711,768,SWIFTJ0426.2-5711,7.9E-05
566,SWIFTJ0528.1-3933,0.1,SWIFTJ0528.1-3933,307,SWIFTJ0528.1-3933,-99
567,SWIFTJ0736.9+5846,0.1,SWIFTJ0736.9+5846,747,SWIFTJ0736.9+5846,5.41E-05
568,SWIFTJ0817.8+0251,0.1,SWIFTJ0817.8+0251,679,SWIFTJ0817.8+0251,1.94E-05
569,SWIFTJ0925.0+5218,0.1,SWIFTJ0925.0+5218,796,SWIFTJ0925.0+5218,0.000147
570,SWIFTJ1021.7-0327,0.1,SWIFTJ1021.7-0327,680,SWIFTJ1021.7-0327,1.98E-05
571,SWIFTJ1031.7-3451,0.1,SWIFTJ1031.7-3451,565,SWIFTJ1031.7-3451,-99
572,SWIFTJ1125.6+5423,0.1,SWIFTJ1125.6+5423,746,SWIFTJ1125.6+5423,5.26E-05
573,SWIFTJ1141.3+2156,0.1,SWIFTJ1141.3+2156,727,SWIFTJ1141.3+2156,3.94E-05
574,SWIFTJ1149.3-0414,0.1,SWIFTJ1149.3-0414,642,SWIFTJ1149.3-0414,7.93E-06
575,SWIFTJ1153.6+4931,0.1,SWIFTJ1153.6+4931,821,SWIFTJ1153.6+4931,0.000392
576,SWIFTJ1232.0-4802,0.1,SWIFTJ1232.0-4802,773,SWIFTJ1232.0-4802,8.62E-05
577,SWIFTJ1252.3-1323,0.1,SWIFTJ1252.3-1323,678,SWIFTJ1252.3-1323,1.9E-05
578,SWIFTJ1310.9-5553,0.1,SWIFTJ1310.9-5553,818,SWIFTJ1310.9-5553,0.000267
579,SWIFTJ1419.0-2639,0.1,SWIFTJ1419.0-2639,780,SWIFTJ1419.0-2639,0.000107
580,SWIFTJ1421.4+4747,0.1,SWIFTJ1421.4+4747,664,SWIFTJ1421.4+4747,1.4E-05
581,SWIFTJ1431.2+2816,0.1,SWIFTJ1431.2+2816,646,SWIFTJ1431.2+2816,8.64E-06
582,SWIFTJ1504.2+1025,0.1,SWIFTJ1504.2+1025,742,SWIFTJ1504.2+1025,4.92E-05
583,SWIFTJ1723.2+3418,0.1,SWIFTJ1723.2+3418,701,SWIFTJ1723.2+3418,2.7E-05
584,SWIFTJ1856.6-5443,0.1,SWIFTJ1856.6-5443,695,SWIFTJ1856.6-5443,2.39E-05
585,SWIFTJ1940.4-3015,0.1,SWIFTJ1940.4-3015,785,SWIFTJ1940.4-3015,0.000116
586,SWIFTJ2044.2-1045,0.1,SWIFTJ2044.2-1045,810,SWIFTJ2044.2-1045,0.000178
587,SWIFTJ2145.5+1101,0.1,SWIFTJ2145.5+1101,652,SWIFTJ2145.5+1101,9.41E-06
588,SWIFTJ2351.9-0109,0.1,SWIFTJ2351.9-0109,744,SWIFTJ2351.9-0109,5.05E-05
589,SWIFTJ0311.5-2045,0.102,SWIFTJ0311.5-2045,751,SWIFTJ0311.5-2045,5.89E-05
590,SWIFTJ0437.4-4713,0.102,SWIFTJ0437.4-4713,756,SWIFTJ0437.4-4713,6.13E-05
591,SWIFTJ0510.7+1629,0.104,SWIFTJ0510.7+1629,776,SWIFTJ0510.7+1629,9.38E-05
592,SWIFTJ1942.6-1024,0.104,SWIFTJ1942.6-1024,805,SWIFTJ1942.6-1024,0.00017
593,SWIFTJ2352.6-1707,0.105,SWIFTJ2352.6-1707,809,SWIFTJ2352.6-1707,0.000175
594,SWIFTJ1648.0-3037,0.106,SWIFTJ1648.0-3037,774,SWIFTJ1648.0-3037,8.81E-05
595,SWIFTJ0059.4+3150,0.107,SWIFTJ0059.4+3150,748,SWIFTJ0059.4+3150,5.56E-05
596,SWIFTJ0105.7-1414,0.11,SWIFTJ0105.7-1414,707,SWIFTJ0105.7-1414,3.03E-05
597,SWIFTJ0128.0-1850,0.11,SWIFTJ0128.0-1850,735,SWIFTJ0128.0-1850,4.48E-05
598,SWIFTJ0201.0-0648,0.11,SWIFTJ0201.0-0648,520,SWIFTJ0201.0-0648,-99
599,SWIFTJ0206.2-0019,0.11,SWIFTJ0206.2-0019,702,SWIFTJ0206.2-0019,2.71E-05
600,SWIFTJ0214.9-6432,0.11,SWIFTJ0214.9-6432,710,SWIFTJ0214.9-6432,3.09E-05
601,SWIFTJ0238.8-4039,0.11,SWIFTJ0238.8-4039,713,SWIFTJ0238.8-4039,3.22E-05
602,SWIFTJ0312.9+4121,0.11,SWIFTJ0312.9+4121,760,SWIFTJ0312.9+4121,6.43E-05
603,SWIFTJ0351.7-4030,0.11,SWIFTJ0351.7-4030,725,SWIFTJ0351.7-4030,3.7E-05
604,SWIFTJ0433.0+0521,0.11,SWIFTJ0433.0+0521,827,SWIFTJ0433.0+0521,0.00105
605,SWIFTJ0436.3-1022,0.11,SWIFTJ0436.3-1022,804,SWIFTJ0436.3-1022,0.000165
606,SWIFTJ0707.1+6433,0.11,SWIFTJ0707.1+6433,672,SWIFTJ0707.1+6433,1.67E-05
607,SWIFTJ0733.2+4558,0.11,SWIFTJ0733.2+4558,691,SWIFTJ0733.2+4558,2.31E-05
608,SWIFTJ0747.5+6057,0.11,SWIFTJ0747.5+6057,700,SWIFTJ0747.5+6057,2.7E-05
609,SWIFTJ0917.2-6457,0.11,SWIFTJ0917.2-6457,745,SWIFTJ0917.2-6457,5.1E-05
610,SWIFTJ0935.5+2616,0.11,SWIFTJ0935.5+2616,670,SWIFTJ0935.5+2616,1.57E-05
611,SWIFTJ0959.5-2248,0.11,SWIFTJ0959.5-2248,447,SWIFTJ0959.5-2248,-99
612,SWIFTJ1031.9-1418,0.11,SWIFTJ1031.9-1418,761,SWIFTJ1031.9-1418,6.57E-05
613,SWIFTJ1048.4-2511,0.11,SWIFTJ1048.4-2511,484,SWIFTJ1048.4-2511,-99
614,SWIFTJ1201.2-0341,0.11,SWIFTJ1201.2-0341,643,SWIFTJ1201.2-0341,8.32E-06
615,SWIFTJ1204.9+3105,0.11,SWIFTJ1204.9+3105,364,SWIFTJ1204.9+3105,-99
616,SWIFTJ1213.9-0531,0.11,SWIFTJ1213.9-0531,717,SWIFTJ1213.9-0531,3.3E-05
617,SWIFTJ1223.7+0238,0.11,SWIFTJ1223.7+0238,732,SWIFTJ1223.7+0238,4.2E-05
618,SWIFTJ1229.1+0202,0.11,SWIFTJ1229.1+0202,808,SWIFTJ1229.1+0202,0.000173
619,SWIFTJ1305.4-1034,0.11,SWIFTJ1305.4-1034,659,SWIFTJ1305.4-1034,1.21E-05
620,SWIFTJ1313.1-1108,0.11,SWIFTJ1313.1-1108,740,SWIFTJ1313.1-1108,4.82E-05
621,SWIFTJ1335.8-3416,0.11,SWIFTJ1335.8-3416,790,SWIFTJ1335.8-3416,0.000129
622,SWIFTJ1341.2-1439,0.11,SWIFTJ1341.2-1439,782,SWIFTJ1341.2-1439,0.000111
623,SWIFTJ1351.5-1814,0.11,SWIFTJ1351.5-1814,767,SWIFTJ1351.5-1814,7.85E-05
624,SWIFTJ1432.8-4412,0.11,SWIFTJ1432.8-4412,408,SWIFTJ1432.8-4412,-99
625,SWIFTJ1512.0-2119,0.11,SWIFTJ1512.0-2119,666,SWIFTJ1512.0-2119,1.42E-05
626,SWIFTJ1731.3+1442,0.11,SWIFTJ1731.3+1442,655,SWIFTJ1731.3+1442,1.02E-05
627,SWIFTJ1848.0-7832,0.11,SWIFTJ1848.0-7832,705,SWIFTJ1848.0-7832,3.01E-05
628,SWIFTJ1938.1-5108,0.11,SWIFTJ1938.1-5108,720,SWIFTJ1938.1-5108,3.39E-05
629,SWIFTJ1947.3+4447,0.11,SWIFTJ1947.3+4447,496,SWIFTJ1947.3+4447,-99
630,SWIFTJ2007.0-3433,0.11,SWIFTJ2007.0-3433,698,SWIFTJ2007.0-3433,2.52E-05
631,SWIFTJ2132.0-3343,0.11,SWIFTJ2132.0-3343,749,SWIFTJ2132.0-3343,5.62E-05
632,SWIFTJ2135.5-6222,0.11,SWIFTJ2135.5-6222,684,SWIFTJ2135.5-6222,2.07E-05
633,SWIFTJ2157.4-0615,0.11,SWIFTJ2157.4-0615,734,SWIFTJ2157.4-0615,4.46E-05
634,SWIFTJ2209.1-2747,0.11,SWIFTJ2209.1-2747,636,SWIFTJ2209.1-2747,6.92E-06
635,SWIFTJ2240.2+0801,0.11,SWIFTJ2240.2+0801,724,SWIFTJ2240.2+0801,3.66E-05
636,SWIFTJ2308.1+4014,0.11,SWIFTJ2308.1+4014,777,SWIFTJ2308.1+4014,9.45E-05
637,SWIFTJ2318.9+0013,0.11,SWIFTJ2318.9+0013,763,SWIFTJ2318.9+0013,7.47E-05
638,SWIFTJ0918.5+1618,0.112,SWIFTJ0918.5+1618,771,SWIFTJ0918.5+1618,8.12E-05
639,SWIFTJ2303.3+0852,0.112,SWIFTJ2303.3+0852,791,SWIFTJ2303.3+0852,0.000134
640,SWIFTJ1535.9+5751,0.113,SWIFTJ1535.9+5751,706,SWIFTJ1535.9+5751,3.02E-05
641,SWIFTJ0311.8-7653,0.116,SWIFTJ0311.8-7653,671,SWIFTJ0311.8-7653,1.64E-05
642,SWIFTJ1218.5+2952,0.116,SWIFTJ1218.5+2952,792,SWIFTJ1218.5+2952,0.000134
643,SWIFTJ0207.0+2931,0.117,SWIFTJ0207.0+2931,723,SWIFTJ0207.0+2931,3.59E-05
644,SWIFTJ0230.2-0900,0.118,SWIFTJ0230.2-0900,769,SWIFTJ0230.2-0900,7.94E-05
645,SWIFTJ0559.8-5028,0.119,SWIFTJ0559.8-5028,764,SWIFTJ0559.8-5028,7.5E-05
646,SWIFTJ0051.9+1724,0.12,SWIFTJ0051.9+1724,753,SWIFTJ0051.9+1724,6.02E-05
647,SWIFTJ0054.9+2524,0.12,SWIFTJ0054.9+2524,699,SWIFTJ0054.9+2524,2.69E-05
648,SWIFTJ0225.8-6315,0.12,SWIFTJ0225.8-6315,645,SWIFTJ0225.8-6315,8.32E-06
649,SWIFTJ0234.6-0848,0.12,SWIFTJ0234.6-0848,811,SWIFTJ0234.6-0848,0.000195
650,SWIFTJ0308.5-7251,0.12,SWIFTJ0308.5-7251,719,SWIFTJ0308.5-7251,3.38E-05
651,SWIFTJ0516.2-0009,0.12,SWIFTJ0516.2-0009,800,SWIFTJ0516.2-0009,0.000158
652,SWIFTJ0552.5+5929,0.12,SWIFTJ0552.5+5929,715,SWIFTJ0552.5+5929,3.27E-05
653,SWIFTJ0923.6-2136,0.12,SWIFTJ0923.6-2136,694,SWIFTJ0923.6-2136,2.34E-05
654,SWIFTJ1139.1+5913,0.12,SWIFTJ1139.1+5913,718,SWIFTJ1139.1+5913,3.37E-05
655,SWIFTJ1145.6-1819,0.12,SWIFTJ1145.6-1819,750,SWIFTJ1145.6-1819,5.73E-05
656,SWIFTJ1316.9-7155,0.12,SWIFTJ1316.9-7155,651,SWIFTJ1316.9-7155,8.87E-06
657,SWIFTJ1506.7+0353A,0.12,SWIFTJ1506.7+0353,697,SWIFTJ1506.7+0353,2.49E-05
658,SWIFTJ1626.7+8530,0.12,SWIFTJ1626.7+8530,728,SWIFTJ1626.7+8530,3.96E-05
659,SWIFTJ1747.8+6837B,0.12,SWIFTJ1747.8+6837,640,SWIFTJ1747.8+6837,7.34E-06
660,SWIFTJ1842.0+7945,0.12,SWIFTJ1842.0+7945,813,SWIFTJ1842.0+7945,0.000208
661,SWIFTJ2044.0+2832,0.12,SWIFTJ2044.0+2832,784,SWIFTJ2044.0+2832,0.000116
662,SWIFTJ2217.0+1413,0.12,SWIFTJ2217.0+1413,828,SWIFTJ2217.0+1413,0.00109
663,SWIFTJ0010.5+1057,0.122,SWIFTJ0010.5+1057,752,SWIFTJ0010.5+1057,5.98E-05
664,SWIFTJ2304.8-0843,0.124,SWIFTJ2304.8-0843,708,SWIFTJ2304.8-0843,3.07E-05
665,SWIFTJ1203.0+4433,0.126,SWIFTJ1203.0+4433,807,SWIFTJ1203.0+4433,0.000173
666,SWIFTJ0516.4-1034,0.129,SWIFTJ0516.4-1034,711,SWIFTJ0516.4-1034,3.12E-05
667,SWIFTJ0034.5-7904,0.13,SWIFTJ0034.5-7904,721,SWIFTJ0034.5-7904,3.5E-05
668,SWIFTJ0036.3+4540,0.13,SWIFTJ0036.3+4540,690,SWIFTJ0036.3+4540,2.23E-05
669,SWIFTJ0450.7-5813,0.13,SWIFTJ0450.7-5813,682,SWIFTJ0450.7-5813,2.04E-05
670,SWIFTJ0502.1+0332,0.13,SWIFTJ0502.1+0332,712,SWIFTJ0502.1+0332,3.13E-05
671,SWIFTJ0640.4-2554,0.13,SWIFTJ0640.4-2554,786,SWIFTJ0640.4-2554,0.000118
672,SWIFTJ0718.1+4403,0.13,SWIFTJ0718.1+4403,722,SWIFTJ0718.1+4403,3.55E-05
673,SWIFTJ0759.8-3844,0.13,SWIFTJ0759.8-3844,674,SWIFTJ0759.8-3844,1.72E-05
674,SWIFTJ0959.7-3112,0.13,SWIFTJ0959.7-3112,730,SWIFTJ0959.7-3112,4.14E-05
675,SWIFTJ1120.8-4316,0.13,SWIFTJ1120.8-4316,689,SWIFTJ1120.8-4316,2.22E-05
676,SWIFTJ1232.0-4219,0.13,SWIFTJ1232.0-4219,654,SWIFTJ1232.0-4219,1.02E-05
677,SWIFTJ1232.1+2009,0.13,SWIFTJ1232.1+2009,48,SWIFTJ1232.1+2009,-99
678,SWIFTJ1905.4+4231,0.13,SWIFTJ1905.4+4231,675,SWIFTJ1905.4+4231,1.73E-05
679,SWIFTJ2042.3+7507,0.13,SWIFTJ2042.3+7507,820,SWIFTJ2042.3+7507,0.000377
680,SWIFTJ2303.1-1837,0.13,SWIFTJ2303.1-1837,660,SWIFTJ2303.1-1837,1.23E-05
681,SWIFTJ1937.5-0613,0.132,SWIFTJ1937.5-0613,826,SWIFTJ1937.5-0613,0.00067
682,SWIFTJ0742.5+4948,0.134,SWIFTJ0742.5+4948,814,SWIFTJ0742.5+4948,0.000217
683,SWIFTJ0222.6+5222,0.14,SWIFTJ0222.6+5222,685,SWIFTJ0222.6+5222,2.1E-05
684,SWIFTJ0405.3-3707,0.14,SWIFTJ0405.3-3707,621,SWIFTJ0405.3-3707,3.22E-06
685,SWIFTJ0451.4-0346,0.14,SWIFTJ0451.4-0346,662,SWIFTJ0451.4-0346,1.31E-05
686,SWIFTJ0452.2+4933,0.14,SWIFTJ0452.2+4933,801,SWIFTJ0452.2+4933,0.000163
687,SWIFTJ0923.7+2255,0.14,SWIFTJ0923.7+2255,709,SWIFTJ0923.7+2255,3.08E-05
688,SWIFTJ0959.9+1303,0.14,SWIFTJ0959.9+1303,629,SWIFTJ0959.9+1303,5.02E-06
689,SWIFTJ1001.8+2848,0.14,SWIFTJ1001.8+2848,220,SWIFTJ1001.8+2848,-99
690,SWIFTJ1008.6-0955,0.14,SWIFTJ1008.6-0955,683,SWIFTJ1008.6-0955,2.05E-05
691,SWIFTJ1113.6+0936,0.14,SWIFTJ1113.6+0936,626,SWIFTJ1113.6+0936,4.52E-06
692,SWIFTJ1157.8+5529,0.14,SWIFTJ1157.8+5529,644,SWIFTJ1157.8+5529,8.32E-06
693,SWIFTJ1241.6-5748,0.14,SWIFTJ1241.6-5748,755,SWIFTJ1241.6-5748,6.12E-05
694,SWIFTJ1347.1+7325,0.14,SWIFTJ1347.1+7325,631,SWIFTJ1347.1+7325,5.42E-06
695,SWIFTJ1416.9-1158,0.14,SWIFTJ1416.9-1158,668,SWIFTJ1416.9-1158,1.51E-05
696,SWIFTJ1523.5+6340,0.14,SWIFTJ1523.5+6340,676,SWIFTJ1523.5+6340,1.8E-05
697,SWIFTJ1741.9-1211,0.14,SWIFTJ1741.9-1211,822,SWIFTJ1741.9-1211,0.000398
698,SWIFTJ0006.2+2012,0.149,SWIFTJ0006.2+2012,833,SWIFTJ0006.2+2012,0.00247
699,SWIFTJ0113.8-1450,0.15,SWIFTJ0113.8-1450,639,SWIFTJ0113.8-1450,7.29E-06
700,SWIFTJ0331.3+0538,0.15,SWIFTJ0331.3+0538,622,SWIFTJ0331.3+0538,3.39E-06
701,SWIFTJ0519.5-4545,0.15,SWIFTJ0519.5-4545,648,SWIFTJ0519.5-4545,8.75E-06
702,SWIFTJ0726.6-3552,0.15,SWIFTJ0726.6-3552,442,SWIFTJ0726.6-3552,-99
703,SWIFTJ0926.2+1244,0.15,SWIFTJ0926.2+1244,741,SWIFTJ0926.2+1244,4.84E-05
704,SWIFTJ1126.7+3514,0.15,SWIFTJ1126.7+3514,385,SWIFTJ1126.7+3514,-99
705,SWIFTJ2150.2-1855,0.15,SWIFTJ2150.2-1855,661,SWIFTJ2150.2-1855,1.28E-05
706,SWIFTJ0157.2+4715,0.16,SWIFTJ0157.2+4715,677,SWIFTJ0157.2+4715,1.84E-05
707,SWIFTJ0324.8+3410,0.16,SWIFTJ0324.8+3410,634,SWIFTJ0324.8+3410,5.95E-06
708,SWIFTJ0350.1-5019,0.16,SWIFTJ0350.1-5019,515,SWIFTJ0350.1-5019,-99
709,SWIFTJ1148.3+0901,0.16,SWIFTJ1148.3+0901,737,SWIFTJ1148.3+0901,4.63E-05
710,SWIFTJ1613.2-6043,0.16,SWIFTJ1613.2-6043,647,SWIFTJ1613.2-6043,8.67E-06
711,SWIFTJ1628.1+5145,0.16,SWIFTJ1628.1+5145,371,SWIFTJ1628.1+5145,-99
712,SWIFTJ1656.1-5200,0.16,SWIFTJ1656.1-5200,743,SWIFTJ1656.1-5200,5.02E-05
713,SWIFTJ0149.9-5019,0.17,SWIFTJ0149.9-5019,627,SWIFTJ0149.9-5019,4.74E-06
714,SWIFTJ0226.4-2821,0.17,SWIFTJ0226.4-2821,793,SWIFTJ0226.4-2821,0.000135
715,SWIFTJ0726.5+3659,0.17,SWIFTJ0726.5+3659,687,SWIFTJ0726.5+3659,2.14E-05
716,SWIFTJ1306.4-4025B,0.17,SWIFTJ1306.4-4025,635,SWIFTJ1306.4-4025,6.07E-06
717,SWIFTJ0105.5-4213,0.18,SWIFTJ0105.5-4213,418,SWIFTJ0105.5-4213,-99
718,SWIFTJ0259.9+4419,0.18,SWIFTJ0259.9+4419,625,SWIFTJ0259.9+4419,4.43E-06
719,SWIFTJ0300.0-1048,0.18,SWIFTJ0300.0-1048,18,SWIFTJ0300.0-1048,-99
720,SWIFTJ1143.7+7942,0.18,SWIFTJ1143.7+7942,657,SWIFTJ1143.7+7942,1.09E-05
721,SWIFTJ2010.6-2521,0.18,SWIFTJ2010.6-2521,620,SWIFTJ2010.6-2521,2.44E-06
722,SWIFTJ2352.2+5845,0.18,SWIFTJ2352.2+5845,208,SWIFTJ2352.2+5845,-99
723,SWIFTJ0209.7+5226,0.19,SWIFTJ0209.7+5226,716,SWIFTJ0209.7+5226,3.3E-05
724,SWIFTJ0505.8-2351,0.19,SWIFTJ0505.8-2351,584,SWIFTJ0505.8-2351,-99
725,SWIFTJ0623.8-3215,0.19,SWIFTJ0623.8-3215,488,SWIFTJ0623.8-3215,-99
726,SWIFTJ1100.9+1104,0.19,SWIFTJ1100.9+1104,630,SWIFTJ1100.9+1104,5.29E-06
727,SWIFTJ1131.9-1233,0.19,SWIFTJ1131.9-1233,617,SWIFTJ1131.9-1233,1.28E-06
728,SWIFTJ1238.6+0928,0.19,SWIFTJ1238.6+0928,302,SWIFTJ1238.6+0928,-99
729,SWIFTJ2201.9-3152,0.19,SWIFTJ2201.9-3152,453,SWIFTJ2201.9-3152,-99
730,SWIFTJ2204.7+0337,0.19,SWIFTJ2204.7+0337,402,SWIFTJ2204.7+0337,-99
731,SWIFTJ0123.8-3504,0.2,SWIFTJ0123.8-3504,119,SWIFTJ0123.8-3504,-99
732,SWIFTJ0308.2-2258,0.2,SWIFTJ0308.2-2258,543,SWIFTJ0308.2-2258,-99
733,SWIFTJ1009.3-4250,0.2,SWIFTJ1009.3-4250,455,SWIFTJ1009.3-4250,-99
734,SWIFTJ1049.4+2258,0.2,SWIFTJ1049.4+2258,580,SWIFTJ1049.4+2258,-99
735,SWIFTJ0255.2-0011,0.21,SWIFTJ0255.2-0011,570,SWIFTJ0255.2-0011,-99
736,SWIFTJ0600.7+0008,0.21,SWIFTJ0600.7+0008,229,SWIFTJ0600.7+0008,-99
737,SWIFTJ1512.8-0906,0.21,SWIFTJ1512.8-0906,638,SWIFTJ1512.8-0906,7.17E-06
738,SWIFTJ2157.2-6942,0.21,SWIFTJ2157.2-6942,623,SWIFTJ2157.2-6942,3.66E-06
739,SWIFTJ1408.1-3024,0.22,SWIFTJ1408.1-3024,766,SWIFTJ1408.1-3024,7.77E-05
740,SWIFTJ0042.9-2332,0.23,SWIFTJ0042.9-2332,75,SWIFTJ0042.9-2332,-99
741,SWIFTJ0203.1-2359,0.23,SWIFTJ0203.1-2359,692,SWIFTJ0203.1-2359,2.31E-05
742,SWIFTJ0231.6-3645,0.23,SWIFTJ0231.6-3645,355,SWIFTJ0231.6-3645,-99
743,SWIFTJ0838.4-3557,0.23,SWIFTJ0838.4-3557,815,SWIFTJ0838.4-3557,0.000228
744,SWIFTJ1441.4+5341,0.23,SWIFTJ1441.4+5341,32,SWIFTJ1441.4+5341,-99
745,SWIFTJ1513.8-8125,0.23,SWIFTJ1513.8-8125,788,SWIFTJ1513.8-8125,0.00012
746,SWIFTJ1618.7-5930,0.23,SWIFTJ1618.7-5930,656,SWIFTJ1618.7-5930,1.03E-05
747,SWIFTJ1652.9+0223,0.24,SWIFTJ1652.9+0223,513,SWIFTJ1652.9+0223,-99
748,SWIFTJ1653.2+2352,0.24,SWIFTJ1653.2+2352,228,SWIFTJ1653.2+2352,-99
749,SWIFTJ2040.2-5126,0.24,SWIFTJ2040.2-5126,581,SWIFTJ2040.2-5126,-99
750,SWIFTJ2209.4-4711,0.24,SWIFTJ2209.4-4711,653,SWIFTJ2209.4-4711,9.89E-06
751,SWIFTJ0714.2+3518,0.25,SWIFTJ0714.2+3518,404,SWIFTJ0714.2+3518,-99
752,SWIFTJ1052.8+1043,0.25,SWIFTJ1052.8+1043,26,SWIFTJ1052.8+1043,-99
753,SWIFTJ1355.9+1822,0.25,SWIFTJ1355.9+1822,399,SWIFTJ1355.9+1822,-99
754,SWIFTJ1717.1-6249,0.25,SWIFTJ1717.1-6249,499,SWIFTJ1717.1-6249,-99
755,SWIFTJ2322.5-0646,0.25,SWIFTJ2322.5-0646,425,SWIFTJ2322.5-0646,-99
756,SWIFTJ0920.1+3712,0.26,SWIFTJ0920.1+3712,375,SWIFTJ0920.1+3712,-99
757,SWIFTJ1209.4+4340,0.27,SWIFTJ1209.4+4340,378,SWIFTJ1209.4+4340,-99
758,SWIFTJ1313.6+3650B,0.27,SWIFTJ1313.6+3650,619,SWIFTJ1313.6+3650,2.43E-06
759,SWIFTJ0840.2+2947,0.28,SWIFTJ0840.2+2947,432,SWIFTJ0840.2+2947,-99
760,SWIFTJ0319.7+4132,0.29,SWIFTJ0319.7+4132,600,SWIFTJ0319.7+4132,-99
761,SWIFTJ0503.0+2302,0.29,SWIFTJ0503.0+2302,733,SWIFTJ0503.0+2302,4.33E-05
762,SWIFTJ1206.2+5243,0.29,SWIFTJ1206.2+5243,217,SWIFTJ1206.2+5243,-99
763,SWIFTJ2027.1-0220,0.29,SWIFTJ2027.1-0220,413,SWIFTJ2027.1-0220,-99
764,SWIFTJ0919.2+5528,0.3,SWIFTJ0919.2+5528,478,SWIFTJ0919.2+5528,-99
765,SWIFTJ0955.5+6907,0.3,SWIFTJ0955.5+6907,360,SWIFTJ0955.5+6907,-99
766,SWIFTJ2328.9+0328,0.31,SWIFTJ2328.9+0328,507,SWIFTJ2328.9+0328,-99
767,SWIFTJ0124.5+3350,0.32,SWIFTJ0124.5+3350,548,SWIFTJ0124.5+3350,-99
768,SWIFTJ2028.5+2543D2,0.33,SWIFTJ2028.5+2543,495,SWIFTJ2028.5+2543,-99
769,SWIFTJ0250.7+4142,0.34,SWIFTJ0250.7+4142,450,SWIFTJ0250.7+4142,-99
770,SWIFTJ0823.4-0457,0.34,SWIFTJ0823.4-0457,427,SWIFTJ0823.4-0457,-99
771,SWIFTJ1416.9-4640,0.4,SWIFTJ1416.9-4640,423,SWIFTJ1416.9-4640,-99
772,SWIFTJ0046.2-4008,0.43,SWIFTJ0046.2-4008,289,SWIFTJ0046.2-4008,-99
773,SWIFTJ0856.0+7812,0.48,SWIFTJ0856.0+7812,574,SWIFTJ0856.0+7812,-99
774,SWIFTJ2304.9+1220,0.48,SWIFTJ2304.9+1220,599,SWIFTJ2304.9+1220,-99
775,SWIFTJ0113.8+1313,0.5,SWIFTJ0113.8+1313,76,SWIFTJ0113.8+1313,-99
776,SWIFTJ2242.4-3711,0.55,SWIFTJ2242.4-3711,309,SWIFTJ2242.4-3711,-99
777,SWIFTJ1652.0-5915A,0.62,SWIFTJ1652.0-5915,476,SWIFTJ1652.0-5915,-99
778,SWIFTJ0209.5-1010D2,0.63,SWIFTJ0209.5-1010,215,SWIFTJ0209.5-1010,-99
779,SWIFTJ1219.4+4720,0.63,SWIFTJ1219.4+4720,395,SWIFTJ1219.4+4720,-99
780,SWIFTJ2028.5+2543D1,0.63,SWIFTJ2028.5+2543,495,SWIFTJ2028.5+2543,-99
781,SWIFTJ0333.6-3607,0.64,SWIFTJ0333.6-3607,347,SWIFTJ0333.6-3607,-99
782,SWIFTJ1304.3-0532,0.64,SWIFTJ1304.3-0532,517,SWIFTJ1304.3-0532,-99
783,SWIFTJ2235.9+3358,0.64,SWIFTJ2235.9+3358,492,SWIFTJ2235.9+3358,-99
784,SWIFTJ0048.8+3155,0.66,SWIFTJ0048.8+3155,595,SWIFTJ0048.8+3155,-99
785,SWIFTJ0739.7-3142,0.66,SWIFTJ0739.7-3142,527,SWIFTJ0739.7-3142,-99
786,SWIFTJ0744.0+2914,0.68,SWIFTJ0744.0+2914,593,SWIFTJ0744.0+2914,-99
787,SWIFTJ0934.7-2156,0.69,SWIFTJ0934.7-2156,494,SWIFTJ0934.7-2156,-99
788,SWIFTJ0804.2+0507,0.7,SWIFTJ0804.2+0507,144,SWIFTJ0804.2+0507,-99
789,SWIFTJ0241.3-0816,0.72,SWIFTJ0241.3-0816,560,SWIFTJ0241.3-0816,-99
790,SWIFTJ1519.6+6538,0.76,SWIFTJ1519.6+6538,377,SWIFTJ1519.6+6538,-99
791,SWIFTJ0743.0+6513,0.77,SWIFTJ0743.0+6513,573,SWIFTJ0743.0+6513,-99
792,SWIFTJ1442.5-1715,0.77,SWIFTJ1442.5-1715,512,SWIFTJ1442.5-1715,-99
793,SWIFTJ0548.4-4748,0.78,SWIFTJ0548.4-4748,333,SWIFTJ0548.4-4748,-99
794,SWIFTJ2207.3+1013,0.78,SWIFTJ2207.3+1013,602,SWIFTJ2207.3+1013,-99
795,SWIFTJ1246.6+5435,0.8,SWIFTJ1246.6+5435,270,SWIFTJ1246.6+5435,-99
796,SWIFTJ1338.2+0433,0.8,SWIFTJ1338.2+0433,392,SWIFTJ1338.2+0433,-99
797,SWIFTJ1643.2+7036,0.8,SWIFTJ1643.2+7036,299,SWIFTJ1643.2+7036,-99
798,SWIFTJ0209.5-1010D1,0.81,SWIFTJ0209.5-1010,215,SWIFTJ0209.5-1010,-99
799,SWIFTJ2318.4-4223,0.81,SWIFTJ2318.4-4223,549,SWIFTJ2318.4-4223,-99
800,SWIFTJ1457.8-4308,0.82,SWIFTJ1457.8-4308,503,SWIFTJ1457.8-4308,-99
801,SWIFTJ2148.3-3454,0.82,SWIFTJ2148.3-3454,598,SWIFTJ2148.3-3454,-99
802,SWIFTJ0453.4+0404,0.84,SWIFTJ0453.4+0404,473,SWIFTJ0453.4+0404,-99
803,SWIFTJ1253.5-4137,0.84,SWIFTJ1253.5-4137,487,SWIFTJ1253.5-4137,-99
804,SWIFTJ0131.8-3307,0.85,SWIFTJ0131.8-3307,523,SWIFTJ0131.8-3307,-99
805,SWIFTJ1238.9-2720,0.86,SWIFTJ1238.9-2720,567,SWIFTJ1238.9-2720,-99
806,SWIFTJ0902.0+6007,0.87,SWIFTJ0902.0+6007,572,SWIFTJ0902.0+6007,-99
807,SWIFTJ0807.9+3859,0.9,SWIFTJ0807.9+3859,493,SWIFTJ0807.9+3859,-99
808,SWIFTJ1800.3+6637,0.9,SWIFTJ1800.3+6637,411,SWIFTJ1800.3+6637,-99
809,SWIFTJ0632.8+6343,0.91,SWIFTJ0632.8+6343,650,SWIFTJ0632.8+6343,8.82E-06
810,SWIFTJ1306.4-4025A,0.93,SWIFTJ1306.4-4025,635,SWIFTJ1306.4-4025,6.07E-06
811,SWIFTJ1341.2+3023,0.97,SWIFTJ1341.2+3023,583,SWIFTJ1341.2+3023,-99
812,SWIFTJ0935.9+6120,0.99,SWIFTJ0935.9+6120,123,SWIFTJ0935.9+6120,-99
813,SWIFTJ2246.0+3941,0.99,SWIFTJ2246.0+3941,575,SWIFTJ2246.0+3941,-99
814,SWIFTJ1235.6-3954,1,SWIFTJ1235.6-3954,559,SWIFTJ1235.6-3954,-99
815,SWIFTJ2359.3-6058,1,SWIFTJ2359.3-6058,601,SWIFTJ2359.3-6058,-99
816,SWIFTJ1325.4-4301,1.01,SWIFTJ1325.4-4301,516,SWIFTJ1325.4-4301,-99
817,SWIFTJ0304.1-0108,1.16,SWIFTJ0304.1-0108,50,SWIFTJ0304.1-0108,-99
818,SWIFTJ2200.9+1032,1.2,SWIFTJ2200.9+1032,383,SWIFTJ2200.9+1032,-99
819,SWIFTJ0602.5+6518,1.23,SWIFTJ0602.5+6518,276,SWIFTJ0602.5+6518,-99
820,SWIFTJ0111.4-3808,1.36,SWIFTJ0111.4-3808,397,SWIFTJ0111.4-3808,-99
821,SWIFTJ2344.6-4246,1.65,SWIFTJ2344.6-4246,624,SWIFTJ2344.6-4246,3.88E-06
822,SWIFTJ1737.7-5956B,2,SWIFTJ1737.7-5956,577,SWIFTJ1737.7-5956,-99
823,SWIFTJ1959.4+4044,4.05,SWIFTJ1959.4+4044,504,SWIFTJ1959.4+4044,-99
824,SWIFTJ1212.9+0702,5,SWIFTJ1212.9+0702,204,SWIFTJ1212.9+0702,-99
825,SWIFTJ1838.4-6524,5,SWIFTJ1838.4-6524,555,SWIFTJ1838.4-6524,-99
826,SWIFTJ0215.6-1301,7,SWIFTJ0215.6-1301,579,SWIFTJ0215.6-1301,-99
827,SWIFTJ2341.8+3033,7,SWIFTJ2341.8+3033,563,SWIFTJ2341.8+3033,-99
828,SWIFTJ1138.9+2529A,9,SWIFTJ1138.9+2529,524,SWIFTJ1138.9+2529,-99
829,SWIFTJ0251.6-1639,0.89,SWIFTJ0251.6-1639,557,SWIFTJ0251.6-1639,-99
830,SWIFTJ1635.0-5804,0.76,SWIFTJ1635.0-5804,547,SWIFTJ1635.0-5804,-99
831,SWIFTJ1413.2-0312,0.99,SWIFTJ1413.2-0312,389,SWIFTJ1413.2-0312,-99
832,SWIFTJ1630.5+3925,0.1,SWIFTJ1630.5+3925,537,SWIFTJ1630.5+3925,-99
833,SWIFTJ1322.2-1641,0.11,SWIFTJ1322.2-1641,359,SWIFTJ1322.2-1641,-99
834,SWIFTJ0134.1-3625,0.19,SWIFTJ0134.1-3625,571,SWIFTJ0134.1-3625,-99
835,SWIFTJ1225.8+1240,0.19,SWIFTJ1225.8+1240,552,SWIFTJ1225.8+1240,-99
836,SWIFTJ1309.2+1139,0.23,SWIFTJ1309.2+1139,589,SWIFTJ1309.2+1139,-99
289,SWIFTJ1209.5+4702,-99,SWIFTJ1209.5+4702,-99,SWIFTJ1209.5+4702,-99
