Name,T,norm,Calc_energy_flux,Sample_flux,plus_Error,minus_Error,log_energy_flux,log_sample_flux
SWIFTJ0001.0-0708,-99.0,-99.0,-99,-99,-99,-99,-99,-99
SWIFTJ0001.6-7701,-99.0,-99.0,-99,-99,-99,-99,-99,-99
SWIFTJ0002.5+0323,-99.0,-99.0,-99,-99,-99,-99,-99,-99
SWIFTJ0003.3+2737,-99.0,-99.0,-99,-99,-99,-99,-99,-99
SWIFTJ0005.0+7021,-99.0,-99.0,-99,-99,-99,-99,-99,-99
SWIFTJ0009.4-0037,-99.0,-99.0,-99,-99,-99,-99,-99,-99
SWIFTJ0017.1+8134,-99.0,-99.0,-99,-99,-99,-99,-99,-99
SWIFTJ0021.2-1909,-99.0,-99.0,-99,-99,-99,-99,-99,-99
SWIFTJ0025.8+6818,-99.0,-99.0,-99,-99,-99,-99,-99,-99
SWIFTJ0026.5-5308,-99.0,-99.0,-99,-99,-99,-99,-99,-99
SWIFTJ0029.2+1319,-99.0,1.55e-05,-99,-99,-99,-99,-99,-99
SWIFTJ0030.0-5904,-99.0,-99.0,-99,-99,-99,-99,-99,-99
SWIFTJ0033.6+6127,-99.0,-99.0,-99,-99,-99,-99,-99,-99
SWIFTJ0034.6-0422,-99.0,-99.0,-99,-99,-99,-99,-99,-99
SWIFTJ0036.0+5951,-99.0,-99.0,-99,-99,-99,-99,-99,-99
SWIFTJ0038.4+2337,-99.0,-99.0,-99,-99,-99,-99,-99,-99
SWIFTJ0042.9+3016A,-99.0,4.62e-05,-99,-99,-99,-99,-99,-99
SWIFTJ0042.9-1135,-99.0,-99.0,-99,-99,-99,-99,-99,-99
SWIFTJ0051.6+2928,-99.0,-99.0,-99,-99,-99,-99,-99,-99
SWIFTJ0052.3-2730,-99.0,-99.0,-99,-99,-99,-99,-99,-99
SWIFTJ0057.0+6405,-99.0,-99.0,-99,-99,-99,-99,-99,-99
SWIFTJ0100.9-4750,-99.0,-99.0,-99,-99,-99,-99,-99,-99
SWIFTJ0101.5-0308,-99.0,-99.0,-99,-99,-99,-99,-99,-99
SWIFTJ0103.8-6437,-99.0,-99.0,-99,-99,-99,-99,-99,-99
SWIFTJ0105.6-3433,-99.0,-99.0,-99,-99,-99,-99,-99,-99
SWIFTJ0106.2-4704,-99.0,-99.0,-99,-99,-99,-99,-99,-99
SWIFTJ0106.8+0639,-99.0,-99.0,-99,-99,-99,-99,-99,-99
SWIFTJ0107.7-1137B,-99.0,-99.0,-99,-99,-99,-99,-99,-99
SWIFTJ0109.0+1320,-99.0,-99.0,-99,-99,-99,-99,-99,-99
SWIFTJ0113.8+2515,-99.0,-99.0,-99,-99,-99,-99,-99,-99
SWIFTJ0114.4-5522,-99.0,-99.0,-99,-99,-99,-99,-99,-99
SWIFTJ0114.5-3236,-99.0,-99.0,-99,-99,-99,-99,-99,-99
SWIFTJ0116.3+3104,-99.0,-99.0,-99,-99,-99,-99,-99,-99
SWIFTJ0116.5-1235,-99.0,-99.0,-99,-99,-99,-99,-99,-99
SWIFTJ0122.8+5003,-99.0,-99.0,-99,-99,-99,-99,-99,-99
SWIFTJ0122.9+3420,-99.0,-99.0,-99,-99,-99,-99,-99,-99
SWIFTJ0126.0+3511,-99.0,-99.0,-99,-99,-99,-99,-99,-99
SWIFTJ0128.4+1631,-99.0,-99.0,-99,-99,-99,-99,-99,-99
SWIFTJ0128.9-6039,-99.0,-99.0,-99,-99,-99,-99,-99,-99
SWIFTJ0130.0-4218,-99.0,-99.0,-99,-99,-99,-99,-99,-99
SWIFTJ0136.5+3906,-99.0,-99.0,-99,-99,-99,-99,-99,-99
SWIFTJ0138.6-4001,-99.0,-99.0,-99,-99,-99,-99,-99,-99
SWIFTJ0138.8+2925,-99.0,-99.0,-99,-99,-99,-99,-99,-99
SWIFTJ0140.6-5321,-99.0,-99.0,-99,-99,-99,-99,-99,-99
SWIFTJ0142.0+3922,-99.0,-99.0,-99,-99,-99,-99,-99,-99
SWIFTJ0149.2+2153A,-99.0,-99.0,-99,-99,-99,-99,-99,-99
SWIFTJ0149.2+2153B,-99.0,-99.0,-99,-99,-99,-99,-99,-99
SWIFTJ0151.3-3610,-99.0,-99.0,-99,-99,-99,-99,-99,-99
SWIFTJ0152.8-0329,-99.0,-99.0,-99,-99,-99,-99,-99,-99
SWIFTJ0154.9-2707,-99.0,-99.0,-99,-99,-99,-99,-99,-99
SWIFTJ0155.4+0228,-99.0,-99.0,-99,-99,-99,-99,-99,-99
SWIFTJ0200.3+2428,-99.0,-99.0,-99,-99,-99,-99,-99,-99
SWIFTJ0202.4+6824A,-99.0,-99.0,-99,-99,-99,-99,-99,-99
SWIFTJ0202.4+6824B,-99.0,-99.0,-99,-99,-99,-99,-99,-99
SWIFTJ0208.2+4452,-99.0,-99.0,-99,-99,-99,-99,-99,-99
SWIFTJ0208.5-1738,-99.0,-99.0,-99,-99,-99,-99,-99,-99
SWIFTJ0211.1-4944,-99.0,-99.0,-99,-99,-99,-99,-99,-99
SWIFTJ0213.7+5147,-99.0,-99.0,-99,-99,-99,-99,-99,-99
SWIFTJ0214.6-0049,-99.0,-99.0,-99,-99,-99,-99,-99,-99
SWIFTJ0216.3+5128,-99.0,-99.0,-99,-99,-99,-99,-99,-99
SWIFTJ0218.0+7348,-99.0,-99.0,-99,-99,-99,-99,-99,-99
SWIFTJ0222.3+2509,-99.0,-99.0,-99,-99,-99,-99,-99,-99
SWIFTJ0223.4+4551,-99.0,-99.0,-99,-99,-99,-99,-99,-99
SWIFTJ0225.0+1847,-99.0,-99.0,-99,-99,-99,-99,-99,-99
SWIFTJ0225.0-2312,-99.0,-99.0,-99,-99,-99,-99,-99,-99
SWIFTJ0227.0+2346,-99.0,-99.0,-99,-99,-99,-99,-99,-99
SWIFTJ0228.1+3118,-99.0,-99.0,-99,-99,-99,-99,-99,-99
SWIFTJ0232.8+2020,-99.0,-99.0,-99,-99,-99,-99,-99,-99
SWIFTJ0234.1+3233,-99.0,-99.0,-99,-99,-99,-99,-99,-99
SWIFTJ0238.2-5213,-99.0,-99.0,-99,-99,-99,-99,-99,-99
SWIFTJ0238.5-6119,-99.0,-99.0,-99,-99,-99,-99,-99,-99
SWIFTJ0242.0+0516,-99.0,-99.0,-99,-99,-99,-99,-99,-99
SWIFTJ0242.6+0000,-99.0,-99.0,-99,-99,-99,-99,-99,-99
SWIFTJ0243.9+5324,-99.0,-99.0,-99,-99,-99,-99,-99,-99
SWIFTJ0244.7-2433,-99.0,-99.0,-99,-99,-99,-99,-99,-99
SWIFTJ0244.8+6227,-99.0,-99.0,-99,-99,-99,-99,-99,-99
SWIFTJ0245.2+1047,-99.0,-99.0,-99,-99,-99,-99,-99,-99
SWIFTJ0249.1+2627,-99.0,-99.0,-99,-99,-99,-99,-99,-99
SWIFTJ0250.4+4648,-99.0,-99.0,-99,-99,-99,-99,-99,-99
SWIFTJ0251.3+5441,-99.0,-99.0,-99,-99,-99,-99,-99,-99
SWIFTJ0252.1-6758,-99.0,-99.0,-99,-99,-99,-99,-99,-99
SWIFTJ0252.3+4312,-99.0,-99.0,-99,-99,-99,-99,-99,-99
SWIFTJ0252.7-0822,-99.0,-99.0,-99,-99,-99,-99,-99,-99
SWIFTJ0256.4-3212,-99.0,-99.0,-99,-99,-99,-99,-99,-99
SWIFTJ0311.1+3241,-99.0,-99.0,-99,-99,-99,-99,-99,-99
SWIFTJ0311.9+5032,-99.0,-99.0,-99,-99,-99,-99,-99,-99
SWIFTJ0317.2+0116,-99.0,-99.0,-99,-99,-99,-99,-99,-99
SWIFTJ0318.7+6828,-99.0,-99.0,-99,-99,-99,-99,-99,-99
SWIFTJ0324.9+4044,-99.0,-99.0,-99,-99,-99,-99,-99,-99
SWIFTJ0326.0-5633,-99.0,-99.0,-99,-99,-99,-99,-99,-99
SWIFTJ0328.4-2846,-99.0,-99.0,-99,-99,-99,-99,-99,-99
SWIFTJ0331.4-0510,-99.0,-99.0,-99,-99,-99,-99,-99,-99
SWIFTJ0333.3+3720,-99.0,-99.0,-99,-99,-99,-99,-99,-99
SWIFTJ0335.4+1907,-99.0,-99.0,-99,-99,-99,-99,-99,-99
SWIFTJ0336.6+3217,-99.0,-99.0,-99,-99,-99,-99,-99,-99
SWIFTJ0345.2-3935,-99.0,-99.0,-99,-99,-99,-99,-99,-99
SWIFTJ0349.2-1159,-99.0,-99.0,-99,-99,-99,-99,-99,-99
SWIFTJ0353.4-6830,-99.0,-99.0,-99,-99,-99,-99,-99,-99
SWIFTJ0353.7+3711,-99.0,-99.0,-99,-99,-99,-99,-99,-99
SWIFTJ0356.9-4041,-99.0,-99.0,-99,-99,-99,-99,-99,-99
SWIFTJ0357.5-6255,-99.0,-99.0,-99,-99,-99,-99,-99,-99
SWIFTJ0357.6+4153,-99.0,-99.0,-99,-99,-99,-99,-99,-99
SWIFTJ0359.0-3015A,-99.0,-99.0,-99,-99,-99,-99,-99,-99
SWIFTJ0359.0-3015B,-99.0,-99.0,-99,-99,-99,-99,-99,-99
SWIFTJ0359.7+5058,-99.0,-99.0,-99,-99,-99,-99,-99,-99
SWIFTJ0402.4-1807,-99.0,-99.0,-99,-99,-99,-99,-99,-99
SWIFTJ0404.0-3604,-99.0,-99.0,-99,-99,-99,-99,-99,-99
SWIFTJ0405.5-1307,-99.0,-99.0,-99,-99,-99,-99,-99,-99
SWIFTJ0407.4+0339,-99.0,-99.0,-99,-99,-99,-99,-99,-99
SWIFTJ0413.3+1659,-99.0,-99.0,-99,-99,-99,-99,-99,-99
SWIFTJ0413.8+1112,-99.0,-99.0,-99,-99,-99,-99,-99,-99
SWIFTJ0414.8-0754,-99.0,-99.0,-99,-99,-99,-99,-99,-99
SWIFTJ0420.0-5457,-99.0,2e-05,-99,-99,-99,-99,-99,-99
SWIFTJ0422.7-5611,-99.0,-99.0,-99,-99,-99,-99,-99,-99
SWIFTJ0423.5+0414,-99.0,-99.0,-99,-99,-99,-99,-99,-99
SWIFTJ0427.6-1201,-99.0,-99.0,-99,-99,-99,-99,-99,-99
SWIFTJ0428.2-6704A,-99.0,-99.0,-99,-99,-99,-99,-99,-99
SWIFTJ0428.2-6704B,-99.0,-99.0,-99,-99,-99,-99,-99,-99
SWIFTJ0433.5-5846,-99.0,-99.0,-99,-99,-99,-99,-99,-99
SWIFTJ0438.2-1048,-99.0,-99.0,-99,-99,-99,-99,-99,-99
SWIFTJ0440.2-5941,-99.0,-99.0,-99,-99,-99,-99,-99,-99
SWIFTJ0440.9+2741,-99.0,-99.0,-99,-99,-99,-99,-99,-99
SWIFTJ0443.9+2856,-99.0,-99.0,-99,-99,-99,-99,-99,-99
SWIFTJ0444.1+2813,-99.0,-99.0,-99,-99,-99,-99,-99,-99
SWIFTJ0445.0-2816,-99.0,-99.0,-99,-99,-99,-99,-99,-99
SWIFTJ0446.4+1828,-99.0,-99.0,-99,-99,-99,-99,-99,-99
SWIFTJ0449.6-5515,-99.0,-99.0,-99,-99,-99,-99,-99,-99
SWIFTJ0454.6-4315,-99.0,-99.0,-99,-99,-99,-99,-99,-99
SWIFTJ0456.3-7532,-99.0,-99.0,-99,-99,-99,-99,-99,-99
SWIFTJ0459.7+3502,-99.0,-99.0,-99,-99,-99,-99,-99,-99
SWIFTJ0459.9+2703,-99.0,-99.0,-99,-99,-99,-99,-99,-99
SWIFTJ0501.9-3239,-99.0,-99.0,-99,-99,-99,-99,-99,-99
SWIFTJ0504.6-7345,-99.0,-99.0,-99,-99,-99,-99,-99,-99
SWIFTJ0505.6-6735,-99.0,-99.0,-99,-99,-99,-99,-99,-99
SWIFTJ0507.7+6732,-99.0,-99.0,-99,-99,-99,-99,-99,-99
SWIFTJ0508.1+1727,-99.0,-99.0,-99,-99,-99,-99,-99,-99
SWIFTJ0512.1-1830,-99.0,-99.0,-99,-99,-99,-99,-99,-99
SWIFTJ0513.8+6627,-99.0,-99.0,-99,-99,-99,-99,-99,-99
SWIFTJ0515.3+1854,-99.0,-99.0,-99,-99,-99,-99,-99,-99
SWIFTJ0516.3+1928,-99.0,-99.0,-99,-99,-99,-99,-99,-99
SWIFTJ0519.5-3140,-99.0,-99.0,-99,-99,-99,-99,-99,-99
SWIFTJ0521.0-2522,-99.0,-99.0,-99,-99,-99,-99,-99,-99
SWIFTJ0524.1-1210,-99.0,-99.0,-99,-99,-99,-99,-99,-99
SWIFTJ0525.1-2339,-99.0,-99.0,-99,-99,-99,-99,-99,-99
SWIFTJ0525.3-4600,-99.0,-99.0,-99,-99,-99,-99,-99,-99
SWIFTJ0526.2-2118,-99.0,-99.0,-99,-99,-99,-99,-99,-99
SWIFTJ0530.8+1333,-99.0,-99.0,-99,-99,-99,-99,-99,-99
SWIFTJ0532.9+1343,-99.0,-99.0,-99,-99,-99,-99,-99,-99
SWIFTJ0533.9-1318,-99.0,-99.0,-99,-99,-99,-99,-99,-99
SWIFTJ0535.4+4013,-99.0,-99.0,-99,-99,-99,-99,-99,-99
SWIFTJ0539.9-2839,-99.0,-99.0,-99,-99,-99,-99,-99,-99
SWIFTJ0543.9-2749,-99.0,-99.0,-99,-99,-99,-99,-99,-99
SWIFTJ0544.4+5909,-99.0,-99.0,-99,-99,-99,-99,-99,-99
SWIFTJ0544.4-4328,-99.0,-99.0,-99,-99,-99,-99,-99,-99
SWIFTJ0547.3+5042,-99.0,-99.0,-99,-99,-99,-99,-99,-99
SWIFTJ0550.7-3212A,-99.0,-99.0,-99,-99,-99,-99,-99,-99
SWIFTJ0552.2-0727,-99.0,-99.0,-99,-99,-99,-99,-99,-99
SWIFTJ0554.8+4625,-99.0,-99.0,-99,-99,-99,-99,-99,-99
SWIFTJ0555.5+3946,-99.0,-99.0,-99,-99,-99,-99,-99,-99
SWIFTJ0557.9-3822,-99.0,-99.0,-99,-99,-99,-99,-99,-99
SWIFTJ0601.9-8636,-99.0,-99.0,-99,-99,-99,-99,-99,-99
SWIFTJ0606.0-2755,-99.0,-99.0,-99,-99,-99,-99,-99,-99
SWIFTJ0609.5-6245A,-99.0,-99.0,-99,-99,-99,-99,-99,-99
SWIFTJ0609.5-6245B,-99.0,-99.0,-99,-99,-99,-99,-99,-99
SWIFTJ0615.8+7101,-99.0,-99.0,-99,-99,-99,-99,-99,-99
SWIFTJ0623.3-6438,-99.0,-99.0,-99,-99,-99,-99,-99,-99
SWIFTJ0623.8+6445,-99.0,-99.0,-99,-99,-99,-99,-99,-99
SWIFTJ0623.9-6058,-99.0,-99.0,-99,-99,-99,-99,-99,-99
SWIFTJ0626.6+0729,-99.0,-99.0,-99,-99,-99,-99,-99,-99
SWIFTJ0626.6-3702,-99.0,-99.0,-99,-99,-99,-99,-99,-99
SWIFTJ0630.7+6342,-99.0,-99.0,-99,-99,-99,-99,-99,-99
SWIFTJ0635.8-7514,-99.0,-99.0,-99,-99,-99,-99,-99,-99
SWIFTJ0640.1-4328,-99.0,-99.0,-99,-99,-99,-99,-99,-99
SWIFTJ0645.9+5303,-99.0,-99.0,-99,-99,-99,-99,-99,-99
SWIFTJ0651.9+7426,-99.0,-99.0,-99,-99,-99,-99,-99,-99
SWIFTJ0659.3+2406,-99.0,-99.0,-99,-99,-99,-99,-99,-99
SWIFTJ0701.3-3235,-99.0,-99.0,-99,-99,-99,-99,-99,-99
SWIFTJ0709.0-4642,-99.0,-99.0,-99,-99,-99,-99,-99,-99
SWIFTJ0709.4-3559,-99.0,-99.0,-99,-99,-99,-99,-99,-99
SWIFTJ0710.3+5908,-99.0,-99.0,-99,-99,-99,-99,-99,-99
SWIFTJ0714.3+4541,-99.0,-99.0,-99,-99,-99,-99,-99,-99
SWIFTJ0725.7-0055,-99.0,-99.0,-99,-99,-99,-99,-99,-99
SWIFTJ0725.8+3000,-99.0,-99.0,-99,-99,-99,-99,-99,-99
SWIFTJ0727.4-2408,-99.0,-99.0,-99,-99,-99,-99,-99,-99
SWIFTJ0733.9+5156,-99.0,-99.0,-99,-99,-99,-99,-99,-99
SWIFTJ0741.4-5447,-99.0,-99.0,-99,-99,-99,-99,-99,-99
SWIFTJ0742.3+8024,-99.0,-99.0,-99,-99,-99,-99,-99,-99
SWIFTJ0743.3-2546,-99.0,-99.0,-99,-99,-99,-99,-99,-99
SWIFTJ0746.3+2548,-99.0,-99.0,-99,-99,-99,-99,-99,-99
SWIFTJ0747.6-7326,-99.0,-99.0,-99,-99,-99,-99,-99,-99
SWIFTJ0752.2+1937,-99.0,-99.0,-99,-99,-99,-99,-99,-99
SWIFTJ0753.1+4559,-99.0,-99.0,-99,-99,-99,-99,-99,-99
SWIFTJ0756.3-4137,-99.0,-99.0,-99,-99,-99,-99,-99,-99
SWIFTJ0800.1+2638,-99.0,-99.0,-99,-99,-99,-99,-99,-99
SWIFTJ0800.5+2327,-99.0,-99.0,-99,-99,-99,-99,-99,-99
SWIFTJ0803.4+0842,-99.0,-99.0,-99,-99,-99,-99,-99,-99
SWIFTJ0804.6+1045,-99.0,-99.0,-99,-99,-99,-99,-99,-99
SWIFTJ0805.1-0110,-99.0,-99.0,-99,-99,-99,-99,-99,-99
SWIFTJ0805.2+6145,-99.0,-99.0,-99,-99,-99,-99,-99,-99
SWIFTJ0814.3+0423,-99.0,-99.0,-99,-99,-99,-99,-99,-99
SWIFTJ0818.1+0120,-99.0,-99.0,-99,-99,-99,-99,-99,-99
SWIFTJ0819.2-2259,-99.0,-99.0,-99,-99,-99,-99,-99,-99
SWIFTJ0830.1+4154,-99.0,-99.0,-99,-99,-99,-99,-99,-99
SWIFTJ0830.4-6723,-99.0,-99.0,-99,-99,-99,-99,-99,-99
SWIFTJ0832.5+3703,-99.0,-99.0,-99,-99,-99,-99,-99,-99
SWIFTJ0839.6-1213,-99.0,-99.0,-99,-99,-99,-99,-99,-99
SWIFTJ0841.4+7052,-99.0,-99.0,-99,-99,-99,-99,-99,-99
SWIFTJ0842.0+0759,-99.0,-99.0,-99,-99,-99,-99,-99,-99
SWIFTJ0843.5+3551,-99.0,-99.0,-99,-99,-99,-99,-99,-99
SWIFTJ0845.0-3531,-99.0,-99.0,-99,-99,-99,-99,-99,-99
SWIFTJ0845.3+1420,-99.0,-99.0,-99,-99,-99,-99,-99,-99
SWIFTJ0855.6+6425,-99.0,-99.0,-99,-99,-99,-99,-99,-99
SWIFTJ0855.7-2856,-99.0,-99.0,-99,-99,-99,-99,-99,-99
SWIFTJ0859.5+4457,-99.0,-99.0,-99,-99,-99,-99,-99,-99
SWIFTJ0902.7-4814,-99.0,-99.0,-99,-99,-99,-99,-99,-99
SWIFTJ0902.7-6816,-99.0,-99.0,-99,-99,-99,-99,-99,-99
SWIFTJ0902.8-7414,-99.0,-99.0,-99,-99,-99,-99,-99,-99
SWIFTJ0904.3+5538,-99.0,-99.0,-99,-99,-99,-99,-99,-99
SWIFTJ0909.0+0358,-99.0,-99.0,-99,-99,-99,-99,-99,-99
SWIFTJ0911.2+4533,-99.0,-99.0,-99,-99,-99,-99,-99,-99
SWIFTJ0917.2-6221,-99.0,-99.0,-99,-99,-99,-99,-99,-99
SWIFTJ0920.8-0805,-99.0,-99.0,-99,-99,-99,-99,-99,-99
SWIFTJ0924.2-3141,-99.0,-99.0,-99,-99,-99,-99,-99,-99
SWIFTJ0925.2-8423,-99.0,-99.0,-99,-99,-99,-99,-99,-99
SWIFTJ0926.1+6931,-99.0,-99.0,-99,-99,-99,-99,-99,-99
SWIFTJ0927.3+2301,-99.0,-99.0,-99,-99,-99,-99,-99,-99
SWIFTJ0929.7+6232,-99.0,-99.0,-99,-99,-99,-99,-99,-99
SWIFTJ0936.2-6553,-99.0,-99.0,-99,-99,-99,-99,-99,-99
SWIFTJ0945.6-1420,-99.0,-99.0,-99,-99,-99,-99,-99,-99
SWIFTJ0947.6-3057,-99.0,-99.0,-99,-99,-99,-99,-99,-99
SWIFTJ0950.5+7318,-99.0,-99.0,-99,-99,-99,-99,-99,-99
SWIFTJ0952.3-6234,-99.0,-99.0,-99,-99,-99,-99,-99,-99
SWIFTJ1001.7+5543,-99.0,-99.0,-99,-99,-99,-99,-99,-99
SWIFTJ1003.4-3726,-99.0,-99.0,-99,-99,-99,-99,-99,-99
SWIFTJ1005.9-2305,-99.0,-99.0,-99,-99,-99,-99,-99,-99
SWIFTJ1007.4+6534,-99.0,-99.0,-99,-99,-99,-99,-99,-99
SWIFTJ1013.5-3601,-99.0,-99.0,-99,-99,-99,-99,-99,-99
SWIFTJ1017.0-0404,-99.0,-99.0,-99,-99,-99,-99,-99,-99
SWIFTJ1020.5-0237B,-99.0,-99.0,-99,-99,-99,-99,-99,-99
SWIFTJ1029.8-3821,-99.0,-99.0,-99,-99,-99,-99,-99,-99
SWIFTJ1031.5+5051,-99.0,-99.0,-99,-99,-99,-99,-99,-99
SWIFTJ1031.5-4205,-99.0,-99.0,-99,-99,-99,-99,-99,-99
SWIFTJ1032.7-2835,-99.0,-99.0,-99,-99,-99,-99,-99,-99
SWIFTJ1033.6+7303,-99.0,-99.0,-99,-99,-99,-99,-99,-99
SWIFTJ1033.8+5257,-99.0,-99.0,-99,-99,-99,-99,-99,-99
SWIFTJ1038.8-4942,-99.0,-99.0,-99,-99,-99,-99,-99,-99
SWIFTJ1040.7-4619,-99.0,-99.0,-99,-99,-99,-99,-99,-99
SWIFTJ1041.4-1740,-99.0,-99.0,-99,-99,-99,-99,-99,-99
SWIFTJ1042.4+0046,-99.0,-99.0,-99,-99,-99,-99,-99,-99
SWIFTJ1043.4+1105,-99.0,-99.0,-99,-99,-99,-99,-99,-99
SWIFTJ1044.1+7024,-99.0,-99.0,-99,-99,-99,-99,-99,-99
SWIFTJ1044.8+3812,-99.0,-99.0,-99,-99,-99,-99,-99,-99
SWIFTJ1046.8+2556,-99.0,-99.0,-99,-99,-99,-99,-99,-99
SWIFTJ1051.2-1704A,-99.0,-99.0,-99,-99,-99,-99,-99,-99
SWIFTJ1051.2-1704B,-99.0,-99.0,-99,-99,-99,-99,-99,-99
SWIFTJ1059.8+6507,-99.0,-99.0,-99,-99,-99,-99,-99,-99
SWIFTJ1103.4+3731,-99.0,-99.0,-99,-99,-99,-99,-99,-99
SWIFTJ1103.5-2329,-99.0,-99.0,-99,-99,-99,-99,-99,-99
SWIFTJ1104.4+3812,-99.0,-99.0,-99,-99,-99,-99,-99,-99
SWIFTJ1105.7+5854A,-99.0,2.19e-05,-99,-99,-99,-99,-99,-99
SWIFTJ1106.5+7234,-99.0,-99.0,-99,-99,-99,-99,-99,-99
SWIFTJ1110.6-2832,-99.0,-99.0,-99,-99,-99,-99,-99,-99
SWIFTJ1114.3+2020,-99.0,-99.0,-99,-99,-99,-99,-99,-99
SWIFTJ1114.3+7944,-99.0,-99.0,-99,-99,-99,-99,-99,-99
SWIFTJ1115.3+5423,-99.0,-99.0,-99,-99,-99,-99,-99,-99
SWIFTJ1127.5+1906,-99.0,-99.0,-99,-99,-99,-99,-99,-99
SWIFTJ1130.1-1447,-99.0,-99.0,-99,-99,-99,-99,-99,-99
SWIFTJ1132.7+5301,-99.0,-99.0,-99,-99,-99,-99,-99,-99
SWIFTJ1132.9+1019B,-99.0,0.0011,-99,-99,-99,-99,-99,-99
SWIFTJ1136.7+6738,-99.0,-99.0,-99,-99,-99,-99,-99,-99
SWIFTJ1136.7-6007,-99.0,-99.0,-99,-99,-99,-99,-99,-99
SWIFTJ1138.9+2529B,-99.0,-99.0,-99,-99,-99,-99,-99,-99
SWIFTJ1139.0-2323,-99.0,-99.0,-99,-99,-99,-99,-99,-99
SWIFTJ1139.0-3743,-99.0,-99.0,-99,-99,-99,-99,-99,-99
SWIFTJ1139.8+3157,-99.0,-99.0,-99,-99,-99,-99,-99,-99
SWIFTJ1142.2+1021,-99.0,-99.0,-99,-99,-99,-99,-99,-99
SWIFTJ1145.2+5905,-99.0,-99.0,-99,-99,-99,-99,-99,-99
SWIFTJ1145.6-6956,-99.0,-99.0,-99,-99,-99,-99,-99,-99
SWIFTJ1148.7+2941,-99.0,-99.0,-99,-99,-99,-99,-99,-99
SWIFTJ1149.3+5307,-99.0,-99.0,-99,-99,-99,-99,-99,-99
SWIFTJ1152.6-0512,-99.0,-99.0,-99,-99,-99,-99,-99,-99
SWIFTJ1158.9+4234,-99.0,-99.0,-99,-99,-99,-99,-99,-99
SWIFTJ1159.7-2002,-99.0,-99.0,-99,-99,-99,-99,-99,-99
SWIFTJ1200.2-5350,-99.0,-99.0,-99,-99,-99,-99,-99,-99
SWIFTJ1200.8+0650,-99.0,-99.0,-99,-99,-99,-99,-99,-99
SWIFTJ1202.5+3332,-99.0,-99.0,-99,-99,-99,-99,-99,-99
SWIFTJ1204.5+2019,-99.0,-99.0,-99,-99,-99,-99,-99,-99
SWIFTJ1207.5+3355,-99.0,-99.0,-99,-99,-99,-99,-99,-99
SWIFTJ1210.1-4637,-99.0,-99.0,-99,-99,-99,-99,-99,-99
SWIFTJ1210.7+3819,-99.0,-99.0,-99,-99,-99,-99,-99,-99
SWIFTJ1211.3-3935,-99.0,-99.0,-99,-99,-99,-99,-99,-99
SWIFTJ1213.1+3239A,-99.0,-99.0,-99,-99,-99,-99,-99,-99
SWIFTJ1213.1+3239B,-99.0,-99.0,-99,-99,-99,-99,-99,-99
SWIFTJ1214.3+2933,-99.0,-99.0,-99,-99,-99,-99,-99,-99
SWIFTJ1217.2-2611,-99.0,-99.0,-99,-99,-99,-99,-99,-99
SWIFTJ1217.3+0714,-99.0,-99.0,-99,-99,-99,-99,-99,-99
SWIFTJ1221.3+3012,-99.0,-99.0,-99,-99,-99,-99,-99,-99
SWIFTJ1222.4+0414,-99.0,-99.0,-99,-99,-99,-99,-99,-99
SWIFTJ1222.4+7520,-99.0,-99.0,-99,-99,-99,-99,-99,-99
SWIFTJ1224.9+2122,-99.0,-99.0,-99,-99,-99,-99,-99,-99
SWIFTJ1231.4+5758,-99.0,-99.0,-99,-99,-99,-99,-99,-99
SWIFTJ1239.3-1611,-99.0,-99.0,-99,-99,-99,-99,-99,-99
SWIFTJ1240.2+3457A,-99.0,-99.0,-99,-99,-99,-99,-99,-99
SWIFTJ1240.2+3457B,-99.0,-99.0,-99,-99,-99,-99,-99,-99
SWIFTJ1240.9+2735,-99.0,-99.0,-99,-99,-99,-99,-99,-99
SWIFTJ1240.9-3331,-99.0,-99.0,-99,-99,-99,-99,-99,-99
SWIFTJ1248.2-5828,-99.0,-99.0,-99,-99,-99,-99,-99,-99
SWIFTJ1255.0-2657,-99.0,-99.0,-99,-99,-99,-99,-99,-99
SWIFTJ1256.2-0551,-99.0,-99.0,-99,-99,-99,-99,-99,-99
SWIFTJ1300.1+1635,-99.0,-99.0,-99,-99,-99,-99,-99,-99
SWIFTJ1302.9+1620,-99.0,-99.0,-99,-99,-99,-99,-99,-99
SWIFTJ1303.8+5345,-99.0,-99.0,-99,-99,-99,-99,-99,-99
SWIFTJ1304.3-1022,-99.0,-99.0,-99,-99,-99,-99,-99,-99
SWIFTJ1305.4-4928,-99.0,-99.0,-99,-99,-99,-99,-99,-99
SWIFTJ1310.7+0834,-99.0,-99.0,-99,-99,-99,-99,-99,-99
SWIFTJ1312.1-5631,-99.0,-99.0,-99,-99,-99,-99,-99,-99
SWIFTJ1315.8+4420,-99.0,-99.0,-99,-99,-99,-99,-99,-99
SWIFTJ1321.2+0859,-99.0,-99.0,-99,-99,-99,-99,-99,-99
SWIFTJ1331.2-2524,-99.0,-99.0,-99,-99,-99,-99,-99,-99
SWIFTJ1331.6-0504,-99.0,-99.0,-99,-99,-99,-99,-99,-99
SWIFTJ1332.0-7754,-99.0,-99.0,-99,-99,-99,-99,-99,-99
SWIFTJ1333.5-3401,-99.0,-99.0,-99,-99,-99,-99,-99,-99
SWIFTJ1334.8-2328D1,-99.0,-99.0,-99,-99,-99,-99,-99,-99
SWIFTJ1334.8-2328D2,-99.0,-99.0,-99,-99,-99,-99,-99,-99
SWIFTJ1336.0+0304,-99.0,-99.0,-99,-99,-99,-99,-99,-99
SWIFTJ1337.7-1253,-99.0,-99.0,-99,-99,-99,-99,-99,-99
SWIFTJ1341.5+6742,-99.0,-99.0,-99,-99,-99,-99,-99,-99
SWIFTJ1341.9+3537,-99.0,-99.0,-99,-99,-99,-99,-99,-99
SWIFTJ1344.7+1934,-99.0,-99.0,-99,-99,-99,-99,-99,-99
SWIFTJ1345.5+4139,-99.0,-99.0,-99,-99,-99,-99,-99,-99
SWIFTJ1347.4-6033,-99.0,-99.0,-99,-99,-99,-99,-99,-99
SWIFTJ1347.7+0212,-99.0,-99.0,-99,-99,-99,-99,-99,-99
SWIFTJ1349.7+0209,-99.0,-99.0,-99,-99,-99,-99,-99,-99
SWIFTJ1353.7-1122,-99.0,-99.0,-99,-99,-99,-99,-99,-99
SWIFTJ1354.1-3748,-99.0,-99.0,-99,-99,-99,-99,-99,-99
SWIFTJ1354.5+1326,-99.0,-99.0,-99,-99,-99,-99,-99,-99
SWIFTJ1355.6+3524,-99.0,-99.0,-99,-99,-99,-99,-99,-99
SWIFTJ1356.1+3832,-99.0,-99.0,-99,-99,-99,-99,-99,-99
SWIFTJ1356.6-1932,-99.0,-99.0,-99,-99,-99,-99,-99,-99
SWIFTJ1410.9-4229,-99.0,-99.0,-99,-99,-99,-99,-99,-99
SWIFTJ1412.9-6522,-99.0,-99.0,-99,-99,-99,-99,-99,-99
SWIFTJ1417.7+2539,-99.0,-99.0,-99,-99,-99,-99,-99,-99
SWIFTJ1417.7+6143,-99.0,-99.0,-99,-99,-99,-99,-99,-99
SWIFTJ1417.9+2507,-99.0,-99.0,-99,-99,-99,-99,-99,-99
SWIFTJ1424.2+2435,-99.0,-99.0,-99,-99,-99,-99,-99,-99
SWIFTJ1428.7+4234,-99.0,-99.0,-99,-99,-99,-99,-99,-99
SWIFTJ1433.9+0528,-99.0,-99.0,-99,-99,-99,-99,-99,-99
SWIFTJ1434.9+4837,-99.0,-99.0,-99,-99,-99,-99,-99,-99
SWIFTJ1436.8-1615,-99.0,-99.0,-99,-99,-99,-99,-99,-99
SWIFTJ1439.2+1417,-99.0,-99.0,-99,-99,-99,-99,-99,-99
SWIFTJ1445.6+2702,-99.0,-99.0,-99,-99,-99,-99,-99,-99
SWIFTJ1446.7-6416,-99.0,-99.0,-99,-99,-99,-99,-99,-99
SWIFTJ1448.7-4009,-99.0,-99.0,-99,-99,-99,-99,-99,-99
SWIFTJ1449.5+8602,-99.0,-99.0,-99,-99,-99,-99,-99,-99
SWIFTJ1451.0-5540A,-99.0,-99.0,-99,-99,-99,-99,-99,-99
SWIFTJ1451.0-5540B,-99.0,-99.0,-99,-99,-99,-99,-99,-99
SWIFTJ1453.3+2558,-99.0,-99.0,-99,-99,-99,-99,-99,-99
SWIFTJ1454.9-5133,-99.0,-99.0,-99,-99,-99,-99,-99,-99
SWIFTJ1458.9+7143,-99.0,-99.0,-99,-99,-99,-99,-99,-99
SWIFTJ1506.7+0353B,-99.0,2.49e-05,-99,-99,-99,-99,-99,-99
SWIFTJ1508.8-0013,-99.0,-99.0,-99,-99,-99,-99,-99,-99
SWIFTJ1512.2-1053B,-99.0,-99.0,-99,-99,-99,-99,-99,-99
SWIFTJ1515.0+4205,-99.0,-99.0,-99,-99,-99,-99,-99,-99
SWIFTJ1533.2-0836,-99.0,-99.0,-99,-99,-99,-99,-99,-99
SWIFTJ1535.8-5749,-99.0,-99.0,-99,-99,-99,-99,-99,-99
SWIFTJ1542.0-1410,-99.0,-99.0,-99,-99,-99,-99,-99,-99
SWIFTJ1546.3+6928,-99.0,-99.0,-99,-99,-99,-99,-99,-99
SWIFTJ1547.5+2050,-99.0,-99.0,-99,-99,-99,-99,-99,-99
SWIFTJ1548.5-1344,-99.0,-99.0,-99,-99,-99,-99,-99,-99
SWIFTJ1553.6+2606,-99.0,-99.0,-99,-99,-99,-99,-99,-99
SWIFTJ1553.6+2347,-99.0,-99.0,-99,-99,-99,-99,-99,-99
SWIFTJ1557.8-7913,-99.0,-99.0,-99,-99,-99,-99,-99,-99
SWIFTJ1605.9-7250,-99.0,-99.0,-99,-99,-99,-99,-99,-99
SWIFTJ1607.2+4834,-99.0,-99.0,-99,-99,-99,-99,-99,-99
SWIFTJ1607.4+8502,-99.0,-99.0,-99,-99,-99,-99,-99,-99
SWIFTJ1617.8+3223,-99.0,-99.0,-99,-99,-99,-99,-99,-99
SWIFTJ1621.2+8104,-99.0,-99.0,-99,-99,-99,-99,-99,-99
SWIFTJ1625.9+4349,-99.0,-99.0,-99,-99,-99,-99,-99,-99
SWIFTJ1626.5-2951,-99.0,-99.0,-99,-99,-99,-99,-99,-99
SWIFTJ1629.9+6722,-99.0,-99.0,-99,-99,-99,-99,-99,-99
SWIFTJ1643.1+3951,-99.0,-99.0,-99,-99,-99,-99,-99,-99
SWIFTJ1650.5+0434,-99.0,-99.0,-99,-99,-99,-99,-99,-99
SWIFTJ1652.0-5915B,-99.0,-99.0,-99,-99,-99,-99,-99,-99
SWIFTJ1652.3+5554,-99.0,-99.0,-99,-99,-99,-99,-99,-99
SWIFTJ1654.0+3946,-99.0,-99.0,-99,-99,-99,-99,-99,-99
SWIFTJ1656.3-3302,-99.0,-99.0,-99,-99,-99,-99,-99,-99
SWIFTJ1719.7+4900,-99.0,-99.0,-99,-99,-99,-99,-99,-99
SWIFTJ1721.7+4316,-99.0,-99.0,-99,-99,-99,-99,-99,-99
SWIFTJ1723.5+3630,-99.0,-99.0,-99,-99,-99,-99,-99,-99
SWIFTJ1733.3+3635,-99.0,-99.0,-99,-99,-99,-99,-99,-99
SWIFTJ1737.5-2908,-99.0,-99.0,-99,-99,-99,-99,-99,-99
SWIFTJ1742.1-6054,-99.0,-99.0,-99,-99,-99,-99,-99,-99
SWIFTJ1742.2+1833,-99.0,-99.0,-99,-99,-99,-99,-99,-99
SWIFTJ1743.4+6253,-99.0,-99.0,-99,-99,-99,-99,-99,-99
SWIFTJ1745.4+2906,-99.0,-99.0,-99,-99,-99,-99,-99,-99
SWIFTJ1747.7-2253,-99.0,-99.0,-99,-99,-99,-99,-99,-99
SWIFTJ1747.8+6837A,-99.0,7.34e-06,-99,-99,-99,-99,-99,-99
SWIFTJ1748.8-3257,-99.0,-99.0,-99,-99,-99,-99,-99,-99
SWIFTJ1751.8-6019,-99.0,-99.0,-99,-99,-99,-99,-99,-99
SWIFTJ1802.8-1455,-99.0,-99.0,-99,-99,-99,-99,-99,-99
SWIFTJ1816.0+4236,-99.0,-99.0,-99,-99,-99,-99,-99,-99
SWIFTJ1821.6+5953,-99.0,-99.0,-99,-99,-99,-99,-99,-99
SWIFTJ1824.2+1845,-99.0,-99.0,-99,-99,-99,-99,-99,-99
SWIFTJ1824.3-5624,-99.0,-99.0,-99,-99,-99,-99,-99,-99
SWIFTJ1825.7+7215,-99.0,-99.0,-99,-99,-99,-99,-99,-99
SWIFTJ1826.1-0710,-99.0,-99.0,-99,-99,-99,-99,-99,-99
SWIFTJ1826.8+3254,-99.0,-99.0,-99,-99,-99,-99,-99,-99
SWIFTJ1829.4+4846,-99.0,-99.0,-99,-99,-99,-99,-99,-99
SWIFTJ1830.8+0928,-99.0,-99.0,-99,-99,-99,-99,-99,-99
SWIFTJ1833.7-2105,-99.0,-99.0,-99,-99,-99,-99,-99,-99
SWIFTJ1836.9-5924,-99.0,-99.0,-99,-99,-99,-99,-99,-99
SWIFTJ1844.5-6221,-99.0,-99.0,-99,-99,-99,-99,-99,-99
SWIFTJ1845.4+7211,-99.0,-99.0,-99,-99,-99,-99,-99,-99
SWIFTJ1856.1+1539,-99.0,-99.0,-99,-99,-99,-99,-99,-99
SWIFTJ1856.2-7829,-99.0,-99.0,-99,-99,-99,-99,-99,-99
SWIFTJ1856.5-7851,-99.0,-99.0,-99,-99,-99,-99,-99,-99
SWIFTJ1903.9+3349,-99.0,-99.0,-99,-99,-99,-99,-99,-99
SWIFTJ1913.3-5010,-99.0,-99.0,-99,-99,-99,-99,-99,-99
SWIFTJ1919.4-2958,-99.0,-99.0,-99,-99,-99,-99,-99,-99
SWIFTJ1925.0+5041,-99.0,-99.0,-99,-99,-99,-99,-99,-99
SWIFTJ1926.9+4140,-99.0,-99.0,-99,-99,-99,-99,-99,-99
SWIFTJ1928.0+7356,-99.0,-99.0,-99,-99,-99,-99,-99,-99
SWIFTJ1930.5+3414,-99.0,-99.0,-99,-99,-99,-99,-99,-99
SWIFTJ1933.9+3258,-99.0,-99.0,-99,-99,-99,-99,-99,-99
SWIFTJ1943.5+2120,-99.0,-99.0,-99,-99,-99,-99,-99,-99
SWIFTJ1952.4+0237,-99.0,-99.0,-99,-99,-99,-99,-99,-99
SWIFTJ1959.6+6507,-99.0,-99.0,-99,-99,-99,-99,-99,-99
SWIFTJ2001.0-1811,-99.0,-99.0,-99,-99,-99,-99,-99,-99
SWIFTJ2006.5+5619,-99.0,-99.0,-99,-99,-99,-99,-99,-99
SWIFTJ2009.0-6103,-99.0,-99.0,-99,-99,-99,-99,-99,-99
SWIFTJ2009.6-4851,-99.0,-99.0,-99,-99,-99,-99,-99,-99
SWIFTJ2010.7+4801,-99.0,-99.0,-99,-99,-99,-99,-99,-99
SWIFTJ2011.5-1544,-99.0,-99.0,-99,-99,-99,-99,-99,-99
SWIFTJ2015.2+2526,-99.0,-99.0,-99,-99,-99,-99,-99,-99
SWIFTJ2015.9+3715,-99.0,-99.0,-99,-99,-99,-99,-99,-99
SWIFTJ2018.4-5539,-99.0,-99.0,-99,-99,-99,-99,-99,-99
SWIFTJ2021.9+4400,-99.0,-99.0,-99,-99,-99,-99,-99,-99
SWIFTJ2029.4-6149,-99.0,-99.0,-99,-99,-99,-99,-99,-99
SWIFTJ2030.2-7532,-99.0,-99.0,-99,-99,-99,-99,-99,-99
SWIFTJ2033.4+2147,-99.0,-99.0,-99,-99,-99,-99,-99,-99
SWIFTJ2035.6-5013,-99.0,-99.0,-99,-99,-99,-99,-99,-99
SWIFTJ2052.0-5704,-99.0,-99.0,-99,-99,-99,-99,-99,-99
SWIFTJ2056.0-4713,-99.0,-99.0,-99,-99,-99,-99,-99,-99
SWIFTJ2102.6-2810,-99.0,-99.0,-99,-99,-99,-99,-99,-99
SWIFTJ2109.2+3531,-99.0,-99.0,-99,-99,-99,-99,-99,-99
SWIFTJ2114.4+8206,-99.0,-99.0,-99,-99,-99,-99,-99,-99
SWIFTJ2117.5+5139,-99.0,-99.0,-99,-99,-99,-99,-99,-99
SWIFTJ2118.9+3336,-99.0,-99.0,-99,-99,-99,-99,-99,-99
SWIFTJ2123.6+2506,-99.0,-99.0,-99,-99,-99,-99,-99,-99
SWIFTJ2124.6+5057,-99.0,-99.0,-99,-99,-99,-99,-99,-99
SWIFTJ2127.4+5654,-99.0,-99.0,-99,-99,-99,-99,-99,-99
SWIFTJ2129.1-1538,-99.0,-99.0,-99,-99,-99,-99,-99,-99
SWIFTJ2136.8-6444,-99.0,-99.0,-99,-99,-99,-99,-99,-99
SWIFTJ2138.8-3207,-99.0,-99.0,-99,-99,-99,-99,-99,-99
SWIFTJ2139.7+5951,-99.0,-99.0,-99,-99,-99,-99,-99,-99
SWIFTJ2148.0+0657,-99.0,-99.0,-99,-99,-99,-99,-99,-99
SWIFTJ2152.0-3030,-99.0,-99.0,-99,-99,-99,-99,-99,-99
SWIFTJ2156.2+1724,-99.0,-99.0,-99,-99,-99,-99,-99,-99
SWIFTJ2201.9+5057,-99.0,-99.0,-99,-99,-99,-99,-99,-99
SWIFTJ2202.8+4218,-99.0,-99.0,-99,-99,-99,-99,-99,-99
SWIFTJ2203.0+3146,-99.0,-99.0,-99,-99,-99,-99,-99,-99
SWIFTJ2211.7+1843,-99.0,-99.0,-99,-99,-99,-99,-99,-99
SWIFTJ2214.2-2557,-99.0,-99.0,-99,-99,-99,-99,-99,-99
SWIFTJ2219.7+2614,-99.0,-99.0,-99,-99,-99,-99,-99,-99
SWIFTJ2223.8+1143,-99.0,-99.0,-99,-99,-99,-99,-99,-99
SWIFTJ2223.9-0207,-99.0,-99.0,-99,-99,-99,-99,-99,-99
SWIFTJ2226.8+3628,-99.0,-99.0,-99,-99,-99,-99,-99,-99
SWIFTJ2229.7-0831,-99.0,-99.0,-99,-99,-99,-99,-99,-99
SWIFTJ2229.9+6646,-99.0,-99.0,-99,-99,-99,-99,-99,-99
SWIFTJ2232.5+1141,-99.0,-99.0,-99,-99,-99,-99,-99,-99
SWIFTJ2234.8-2542,-99.0,-99.0,-99,-99,-99,-99,-99,-99
SWIFTJ2235.9-2602,-99.0,-99.0,-99,-99,-99,-99,-99,-99
SWIFTJ2236.7-1233,-99.0,-99.0,-99,-99,-99,-99,-99,-99
SWIFTJ2237.0+2543,-99.0,-99.0,-99,-99,-99,-99,-99,-99
SWIFTJ2248.8+1725,-99.0,-99.0,-99,-99,-99,-99,-99,-99
SWIFTJ2250.7-0854,-99.0,-99.0,-99,-99,-99,-99,-99,-99
SWIFTJ2251.8-3210,-99.0,-99.0,-99,-99,-99,-99,-99,-99
SWIFTJ2251.9+2215,-99.0,-99.0,-99,-99,-99,-99,-99,-99
SWIFTJ2253.9+1608,-99.0,-99.0,-99,-99,-99,-99,-99,-99
SWIFTJ2254.1-1734,-99.0,-99.0,-99,-99,-99,-99,-99,-99
SWIFTJ2254.2+1147B,-99.0,0.00053,-99,-99,-99,-99,-99,-99
SWIFTJ2256.5+0526,-99.0,-99.0,-99,-99,-99,-99,-99,-99
SWIFTJ2258.9+4054,-99.0,-99.0,-99,-99,-99,-99,-99,-99
SWIFTJ2259.7+2458,-99.0,-99.0,-99,-99,-99,-99,-99,-99
SWIFTJ2302.1+1557,-99.0,-99.0,-99,-99,-99,-99,-99,-99
SWIFTJ2307.1+0433,-99.0,-99.0,-99,-99,-99,-99,-99,-99
SWIFTJ2307.9+2245,-99.0,-99.0,-99,-99,-99,-99,-99,-99
SWIFTJ2320.8+6434,-99.0,-99.0,-99,-99,-99,-99,-99,-99
SWIFTJ2325.5-3827,-99.0,-99.0,-99,-99,-99,-99,-99,-99
SWIFTJ2325.6+2157,-99.0,-99.0,-99,-99,-99,-99,-99,-99
SWIFTJ2327.4+1525,-99.0,-99.0,-99,-99,-99,-99,-99,-99
SWIFTJ2327.5+0938,-99.0,-99.0,-99,-99,-99,-99,-99,-99
SWIFTJ2330.5+7124,-99.0,-99.0,-99,-99,-99,-99,-99,-99
SWIFTJ2333.9-2342,-99.0,-99.0,-99,-99,-99,-99,-99,-99
SWIFTJ2343.9+0537,-99.0,-99.0,-99,-99,-99,-99,-99,-99
SWIFTJ2346.8+5143,-99.0,-99.0,-99,-99,-99,-99,-99,-99
SWIFTJ2359.0-3038,-99.0,-99.0,-99,-99,-99,-99,-99,-99
SWIFTJ0602.2+2829,0.02,-99.0,-99,-99,-99,-99,-99,-99
SWIFTJ0656.4-4921,0.04,-99.0,-99,-99,-99,-99,-99,-99
SWIFTJ1921.1-5842,0.04,0.00477,2.19187073424e-11,2.19129580332e-11,1.77708e-12,1.83016e-12,-10.659185061986154,-10.659298993010337
SWIFTJ2116.3+2512,0.04,8.61e-05,3.95639564921e-13,3.94792337863e-13,3.64208e-14,3.10778e-14,-12.402700284396403,-12.403631284715486
SWIFTJ2156.1+4728,0.04,0.00236,1.08444758218e-11,1.07654054087e-11,9.23703e-13,8.52903e-13,-10.964791435184535,-10.967969610667597
SWIFTJ1132.9+1019A,0.05,0.0011,1.29126890018e-11,1.28447467455e-11,7.08368e-13,6.39213e-13,-10.888983308697904,-10.891274454116092
SWIFTJ1631.7+2353,0.06,0.000492,1.01308382723e-11,1.01621607785e-11,2.83329e-13,3.29168e-13,-10.994354617625639,-10.99301393827319
SWIFTJ2035.2+2604,0.06,0.000141,2.90334979824e-12,2.91194696963e-12,7.91353e-14,8.27392e-14,-11.537100636819256,-11.535816538358313
SWIFTJ2134.9-2729,0.06,9.69e-05,1.99528093603e-12,1.97718323794e-12,6.38932e-14,4.13789e-14,-11.699995946905476,-11.703953080034003
SWIFTJ2254.2+1147A,0.06,0.00053,1.09133014043e-11,1.09673827739e-11,2.97139e-13,4.1838e-13,-10.962043850257409,-10.959896998904272
SWIFTJ0947.7+0726,0.061,0.00836,1.79763971815e-10,1.79487361966e-10,5.42137e-12,4.87179e-12,-9.745297344914837,-9.745966125479873
SWIFTJ0641.3+3257,0.07,-99.0,-99,-99,-99,-99,-99,-99
SWIFTJ0655.8+3957,0.07,0.000135,3.99041633934e-12,3.96659828164e-12,1.01526e-13,6.44337e-14,-11.398981789916311,-11.401581780595063
SWIFTJ0942.2+2344,0.07,6.13e-05,1.81194470413e-12,1.7983050718e-12,4.09809e-14,2.33469e-14,-11.741855060002953,-11.74513663086731
SWIFTJ1105.7+5854B,0.07,2.19e-05,6.47334217035e-13,6.53965438996e-13,6.81493e-15,1.79031e-14,-12.188871436274864,-12.184445202822463
SWIFTJ1508.6-4953,0.07,6.14e-05,1.81490061458e-12,1.82443087336e-12,2.71165e-14,4.4263e-14,-11.741147152293252,-11.738872587156832
SWIFTJ2018.8+4041,0.07,-99.0,-99,-99,-99,-99,-99,-99
SWIFTJ1427.5+1949,0.075,0.000152,5.13532879876e-12,5.11026395274e-12,7.76767e-14,6.32606e-14,-11.28943174468286,-11.291556667329552
SWIFTJ1807.9+1124,0.077,0.000523,1.85179239749e-11,1.8555232013e-11,1.74042e-13,2.59397e-13,-10.73240770322589,-10.73153361090024
SWIFTJ0242.2+0531,0.079,7.72e-05,2.85536861586e-12,2.85275848443e-12,3.79587e-14,4.11345e-14,-11.544337818241019,-11.544734994315965
SWIFTJ0441.2-2704,0.079,0.000101,3.73565063727e-12,3.7369834293e-12,4.08054e-14,7.24705e-14,-11.427633746306759,-11.42747882791405
SWIFTJ0354.2+0250,0.08,7.9e-06,2.98303831979e-13,2.99118135827e-13,3.79381e-15,3.6884e-15,-12.52534116770198,-12.524157254469024
SWIFTJ0634.7-7445,0.08,1.35e-05,5.09759707092e-13,5.08469814141e-13,8.2164e-15,5.41904e-15,-12.29263449542464,-12.293734824336122
SWIFTJ0654.6+0700,0.08,0.000204,7.70303543338e-12,7.70191721006e-12,8.04117e-14,8.46831e-14,-11.113338104412419,-11.113401154034168
SWIFTJ1144.1+3652,0.08,0.00012,4.53119729262e-12,4.51463445938e-12,7.24675e-14,4.65116e-14,-11.343787027816262,-11.345377407853322
SWIFTJ1205.8+4959,0.08,5.84e-06,2.20518275967e-13,2.19861639135e-13,2.74404e-15,2.70281e-15,-12.6565554115362,-12.657850538557636
SWIFTJ1346.4+1924,0.08,9.05e-05,3.41727793811e-12,3.4080264468e-12,5.30638e-14,4.63277e-14,-11.46631969721033,-11.467497043701693
SWIFTJ1521.8+0334,0.08,8.81e-06,3.32665392054e-13,3.33628426499e-13,3.92992e-15,4.94899e-15,-12.477992377435003,-12.476736952801954
SWIFTJ1530.0-1300,0.08,2.14e-05,8.08063505488e-13,8.11272581596e-13,7.85455e-15,1.60191e-14,-12.092554506800598,-12.09083320153066
SWIFTJ1822.0+6421,0.08,2.88e-05,1.08748734227e-12,1.08730127758e-12,1.45049e-14,1.55045e-14,-11.963575789281657,-11.963650101670812
SWIFTJ2137.8-1433,0.08,4.85e-06,1.83135898494e-13,1.82902221504e-13,2.88772e-15,2.85383e-15,-12.737226516486732,-12.7377810196132
SWIFTJ1023.5+1952,0.081,0.000258,9.93872219866e-12,9.91979458823e-12,1.20254e-13,1.2857e-13,-11.00266944837347,-11.003497320801678
SWIFTJ1349.3-3018,0.081,0.00117,4.50709501854e-11,4.50817406527e-11,6.6291e-13,7.411e-13,-10.34610328603977,-10.345999323742218
SWIFTJ0801.9-4946,0.082,0.000151,5.93024513636e-12,5.93916503884e-12,5.40663e-14,7.56359e-14,-11.226927353993498,-11.226274606283305
SWIFTJ0042.9+3016B,0.09,4.62e-05,2.07306014627e-12,2.06798522807e-12,2.47541e-14,1.76405e-14,-11.683388097416229,-11.68445256779891
SWIFTJ0130.2-4552,0.09,2.11e-06,9.46787213455e-14,9.40647666903e-14,1.09975e-15,5.40113e-16,-13.02374761593451,-13.026573017352082
SWIFTJ0325.0-4154,0.09,2.97e-05,1.3326815769e-12,1.33577379053e-12,9.3127e-15,1.66392e-14,-11.875273605959578,-11.874267082162412
SWIFTJ0334.4-1515,0.09,1.41e-05,6.32687203429e-13,6.33465699273e-13,3.61582e-15,6.71407e-15,-12.198810949381794,-12.198276896202703
SWIFTJ0347.0-3027,0.09,1.1e-05,4.9358576281e-13,4.95267482086e-13,3.94969e-15,5.76564e-15,-12.306637375761934,-12.305160185674254
SWIFTJ0429.6-2114,0.09,1.47e-05,6.59610062329e-13,6.59461012575e-13,6.42124e-15,7.46478e-15,-12.180712727829393,-12.180810874907396
SWIFTJ0441.8-0823,0.09,0.000113,5.07047192174e-12,5.06766039755e-12,3.82008e-14,5.86984e-14,-11.294951617891801,-11.29519249647473
SWIFTJ0951.9-0649,0.09,6.03e-05,2.70574743097e-12,2.71871718353e-12,1.49934e-14,4.20751e-14,-11.56771274523154,-11.565635967852165
SWIFTJ1136.0+2132,0.09,0.000164,7.35891480831e-12,7.34413514839e-12,7.6874e-14,5.35566e-14,-11.133186224726265,-11.134059339750458
SWIFTJ1152.1-1122,0.09,4.11e-05,1.84421587396e-12,1.84532163244e-12,1.1723e-14,2.20621e-14,-11.734188244137409,-11.733927927055507
SWIFTJ1204.8+2758,0.09,2.33e-05,1.04550433895e-12,1.04375365659e-12,1.14218e-14,1.03671e-14,-11.980674160476902,-11.981401990040617
SWIFTJ1352.8+6917,0.09,6.15e-05,2.75959321941e-12,2.75091243028e-12,3.88818e-14,2.58804e-14,-11.559154930828234,-11.560523234274061
SWIFTJ1429.2+0118,0.09,6.61e-05,2.96600174753e-12,2.96259046504e-12,3.35601e-14,2.93663e-14,-11.5278285974266,-11.528328379254154
SWIFTJ1614.0+6544,0.09,1.7e-05,7.62814360566e-13,7.64712807163e-13,5.4593e-15,1.07704e-14,-12.117581139621885,-12.116501636326628
SWIFTJ1708.6+2155,0.09,5.81e-06,2.6070302051e-13,2.60732107487e-13,2.17088e-15,2.57967e-15,-12.583853937058368,-12.583805484958543
SWIFTJ2109.1-0942,0.09,0.000311,1.39550159756e-11,1.39783851209e-11,1.05331e-13,1.85764e-13,-10.85526966199903,-10.85454299837367
SWIFTJ2301.4-5916,0.09,3.26e-05,1.46280874098e-12,1.46862226729e-12,1.08085e-14,1.73589e-14,-11.834812453210443,-11.833089891294987
SWIFTJ1210.5+3924,0.093,0.00112,5.23986282844e-11,5.23630764048e-11,3.75076e-13,4.49949e-13,-10.280680082030216,-10.280974845956868
SWIFTJ1239.6-0519,0.093,0.000156,7.29837996913e-12,7.28505231547e-12,5.25597e-14,5.54722e-14,-11.136773530091531,-11.137567325123976
SWIFTJ1436.4+5846,0.094,0.00012,5.68801480945e-12,5.67965118448e-12,6.25021e-14,4.16005e-14,-11.245039281537693,-11.245678335645875
SWIFTJ1835.0+3240,0.097,0.00026,1.27874171245e-11,1.27873880025e-11,1.03944e-13,1.22331e-13,-10.893217167941755,-10.893218157002597
SWIFTJ2248.7-5109,0.098,3.83e-05,1.90562829577e-12,1.90358908021e-12,1.79608e-14,1.61617e-14,-11.719961807179722,-11.720426795163304
SWIFTJ0810.9+7602,0.099,0.000165,8.30244913684e-12,8.32690794312e-12,3.76391e-14,6.56358e-14,-11.080793776332504,-11.07951623659264
SWIFTJ0122.0-2818,0.1,4.16e-05,2.11620108014e-12,2.11176235524e-12,1.66577e-14,1.31943e-14,-11.674443068277998,-11.67535495622095
SWIFTJ0123.9-5846,0.1,0.000172,8.7496775e-12,8.74684152463e-12,7.37432e-14,7.01896e-14,-11.05800795412665,-11.058148741955407
SWIFTJ0126.2+1517,0.1,7.95e-05,4.04418245555e-12,4.0429650879e-12,3.05959e-14,3.48848e-14,-11.39316925920094,-11.393300008900649
SWIFTJ0127.5+1910,0.1,4.77e-05,2.4265093708e-12,2.43249362951e-12,7.13525e-15,2.09447e-14,-11.615018027168452,-11.613948288438214
SWIFTJ0134.8-0430,0.1,2.47e-05,1.25649442976e-12,1.25837730864e-12,7.65416e-15,1.2125e-14,-11.900839432362169,-11.90018912161764
SWIFTJ0235.3-2934,0.1,6.94e-06,3.5303930479e-13,3.52045819382e-13,2.3525e-15,1.85206e-15,-12.452176940779362,-12.453400808653203
SWIFTJ0241.6+0711,0.1,4.81e-05,2.44685744478e-12,2.44602669791e-12,1.42339e-14,1.94098e-14,-11.611391332139195,-11.611538807032886
SWIFTJ0342.0-2115,0.1,0.000107,5.44311334033e-12,5.45581770754e-12,2.34888e-14,5.73141e-14,-11.264152622403646,-11.263140148969889
SWIFTJ0418.3+3800,0.1,0.00272,1.3836699243e-10,1.38367386967e-10,1.00712e-12,8.13001e-13,-9.858967498862027,-9.858966260525559
SWIFTJ0426.2-5711,0.1,7.9e-05,4.01874709771e-12,4.01874628284e-12,2.80258e-14,3.72794e-14,-11.395909323373377,-11.395909411434713
SWIFTJ0528.1-3933,0.1,-99.0,-99,-99,-99,-99,-99,-99
SWIFTJ0736.9+5846,0.1,5.41e-05,2.75207886112e-12,2.74888845587e-12,1.68194e-14,1.70322e-14,-11.560339125503235,-11.56084288255801
SWIFTJ0817.8+0251,0.1,1.94e-05,9.8688224595e-13,9.84639390792e-13,6.95793e-15,6.39179e-15,-12.005734663931127,-12.006722794135452
SWIFTJ0925.0+5218,0.1,0.000147,7.47792196092e-12,7.4788759554e-12,4.56077e-14,5.86127e-14,-11.126219071425453,-11.126163669922828
SWIFTJ1021.7-0327,0.1,1.98e-05,1.00723031193e-12,1.00481691415e-12,8.25501e-15,6.20942e-15,-11.996871212897403,-11.997913063036789
SWIFTJ1031.7-3451,0.1,-99.0,-99,-99,-99,-99,-99,-99
SWIFTJ1125.6+5423,0.1,5.26e-05,2.67577348444e-12,2.68072375403e-12,1.55507e-14,2.27016e-14,-11.572550654215384,-11.57174793733484
SWIFTJ1141.3+2156,0.1,3.94e-05,2.0042866838e-12,2.00449720228e-12,1.34797e-14,1.37498e-14,-11.698040158908743,-11.697994545566674
SWIFTJ1149.3-0414,0.1,7.93e-06,4.03400819717e-13,4.04632310088e-13,1.69984e-15,4.12146e-15,-12.394263223628435,-12.392939441554098
SWIFTJ1153.6+4931,0.1,0.000392,1.99411250845e-11,1.99240607217e-11,1.28068e-13,1.30485e-13,-10.700250342302219,-10.70062214335789
SWIFTJ1232.0-4802,0.1,8.62e-05,4.3850129065e-12,4.38926348671e-12,2.94184e-14,3.46537e-14,-11.358029124028526,-11.35760834775165
SWIFTJ1252.3-1323,0.1,1.9e-05,9.66534107725e-13,9.67657801204e-13,5.6529e-15,9.25975e-15,-12.014782815680444,-12.01427819777812
SWIFTJ1310.9-5553,0.1,0.000267,1.35823480719e-11,1.35440677613e-11,1.11793e-13,8.61675e-14,-10.867025144156818,-10.868250882108146
SWIFTJ1419.0-2639,0.1,0.000107,5.44311334033e-12,5.4342282024e-12,3.93643e-14,3.0533e-14,-11.264152622403646,-11.264862127978526
SWIFTJ1421.4+4747,0.1,1.4e-05,7.12183064139e-13,7.12681982566e-13,4.0349e-15,6.05595e-15,-12.147408358151978,-12.147104220536953
SWIFTJ1431.2+2816,0.1,8.64e-06,4.39518666e-13,4.3770403901e-13,3.7335e-15,1.98636e-15,-12.357022676065244,-12.358819445821156
SWIFTJ1504.2+1025,0.1,4.92e-05,2.50281472591e-12,2.49486619235e-12,1.83983e-14,7.29863e-15,-11.601571298411455,-11.60295274201816
SWIFTJ1723.2+3418,0.1,2.7e-05,1.37349589389e-12,1.3723084078e-12,1.0683e-14,1.07429e-14,-11.862172634579895,-11.862548275836113
SWIFTJ1856.6-5443,0.1,2.39e-05,1.2157982229e-12,1.21920493514e-12,4.46263e-15,1.00025e-14,-11.915138495747083,-11.91392328804841
SWIFTJ1940.4-3015,0.1,0.000116,5.90094548868e-12,5.89964910155e-12,4.98321e-14,4.81818e-14,-11.22907839723579,-11.229173818491848
SWIFTJ2044.2-1045,0.1,0.000178,9.05489895271e-12,9.03723339763e-12,6.17609e-14,4.69104e-14,-11.043116391791227,-11.043964501387258
SWIFTJ2145.5+1101,0.1,9.41e-06,4.78688736638e-13,4.79397093281e-13,2.31615e-15,4.54857e-15,-12.319946791180117,-12.319304603543333
SWIFTJ2351.9-0109,0.1,5.05e-05,2.56894595825e-12,2.57281950427e-12,1.399e-14,2.36038e-14,-11.59024503169265,-11.589590680578235
SWIFTJ0311.5-2045,0.102,5.89e-05,3.05954793023e-12,3.06265445638e-12,1.40548e-14,2.56668e-14,-11.514342738849207,-11.513901999652369
SWIFTJ0437.4-4713,0.102,6.13e-05,3.18421540871e-12,3.19197839548e-12,1.4811e-14,2.47799e-14,-11.496997560391545,-11.495940056780581
SWIFTJ0510.7+1629,0.104,9.38e-05,4.96954025461e-12,4.97011753566e-12,3.06608e-14,4.12323e-14,-11.303683787146142,-11.303633340746533
SWIFTJ1942.6-1024,0.104,0.00017,9.00662934495e-12,9.03509640544e-12,2.82586e-14,9.03771e-14,-11.045437709661439,-11.044067209109924
SWIFTJ2352.6-1707,0.105,0.000175,9.35961963883e-12,9.36244768659e-12,5.32759e-14,7.79182e-14,-11.028741799991968,-11.028610595940219
SWIFTJ1648.0-3037,0.106,8.81e-05,4.75542186181e-12,4.76128767339e-12,2.50652e-14,4.18489e-14,-11.322810949993164,-11.322275577989645
SWIFTJ0059.4+3150,0.107,5.56e-05,3.02810724463e-12,3.02451970904e-12,2.03143e-14,2.13776e-14,-11.518828747757068,-11.519343581101996
SWIFTJ0105.7-1414,0.11,3.03e-05,1.69265302565e-12,1.69418458567e-12,6.82654e-15,7.76559e-15,-11.771432058127258,-11.77103927395265
SWIFTJ0128.0-1850,0.11,4.48e-05,2.50266846674e-12,2.50449273421e-12,1.28587e-14,1.07083e-14,-11.601596678398232,-11.601280223906109
SWIFTJ0201.0-0648,0.11,-99.0,-99,-99,-99,-99,-99,-99
SWIFTJ0206.2-0019,0.11,2.71e-05,1.5138910381e-12,1.51362347577e-12,7.91334e-15,5.90462e-15,-11.819905381940565,-11.819982145134588
SWIFTJ0214.9-6432,0.11,3.09e-05,1.72617085056e-12,1.72632201855e-12,7.22596e-15,1.22899e-14,-11.762916221493295,-11.762878190176064
SWIFTJ0238.8-4039,0.11,3.22e-05,1.79879308816e-12,1.79895362233e-12,9.52095e-15,1.03607e-14,-11.745018789872574,-11.744980032777415
SWIFTJ0312.9+4121,0.11,6.43e-05,3.5919997889e-12,3.5956050851e-12,1.92703e-14,2.28138e-14,-11.44466369752766,-11.444228014040743
SWIFTJ0351.7-4030,0.11,3.7e-05,2.06693614498e-12,2.06975211299e-12,9.44394e-15,1.34731e-14,-11.684672940069328,-11.684081665368105
SWIFTJ0433.0+0521,0.11,0.00105,5.86562914123e-11,5.86120611948e-11,3.59455e-13,2.68711e-13,-10.231685399079723,-10.232013005630773
SWIFTJ0436.3-1022,0.11,0.000165,9.21741777544e-12,9.21561951006e-12,3.33932e-14,4.75383e-14,-11.035390727855937,-11.035475464486538
SWIFTJ0707.1+6433,0.11,1.67e-05,9.32914372164e-13,9.3820093952e-13,1.603e-15,9.44976e-15,-12.030158216278352,-12.027704136483571
SWIFTJ0733.2+4558,0.11,2.31e-05,1.29043841767e-12,1.29150221843e-12,3.60181e-15,9.80226e-15,-11.88926271603705,-11.888904843498365
SWIFTJ0747.5+6057,0.11,2.7e-05,1.50830467735e-12,1.50824277914e-12,1.04777e-14,9.95939e-15,-11.821510922176374,-11.821528745233946
SWIFTJ0917.2-6457,0.11,5.1e-05,2.84901991868e-12,2.85308701743e-12,1.25335e-14,1.98925e-14,-11.545304514417126,-11.544684982420963
SWIFTJ0935.5+2616,0.11,1.57e-05,8.77051216841e-13,8.77707698427e-13,4.53918e-15,6.16258e-15,-12.056975044556511,-12.056650092403931
SWIFTJ0959.5-2248,0.11,-99.0,-99,-99,-99,-99,-99,-99
SWIFTJ1031.9-1418,0.11,6.57e-05,3.67020798133e-12,3.67020462871e-12,2.46403e-14,1.69358e-14,-11.435309324689833,-11.435309721404153
SWIFTJ1048.4-2511,0.11,-99.0,-99,-99,-99,-99,-99,-99
SWIFTJ1201.2-0341,0.11,8.32e-06,4.64781307851e-13,4.6487413257e-13,1.92539e-15,3.03595e-15,-12.332751346324354,-12.332664619002497
SWIFTJ1204.9+3105,0.11,-99.0,-99,-99,-99,-99,-99,-99
SWIFTJ1213.9-0531,0.11,3.3e-05,1.8434835224e-12,1.84329381252e-12,1.22781e-14,1.0241e-14,-11.73436073989298,-11.734405434728874
SWIFTJ1223.7+0238,0.11,4.2e-05,2.34625171758e-12,2.34815567015e-12,1.16142e-14,1.37733e-14,-11.629625396443641,-11.62927311507066
SWIFTJ1229.1+0202,0.11,0.000173,9.66432222799e-12,9.67928372698e-12,4.67877e-14,5.6488e-14,-11.014828598227666,-11.014156779564392
SWIFTJ1305.4-1034,0.11,1.21e-05,6.75943964947e-13,6.75904619943e-13,3.65247e-15,4.33792e-15,-12.170089305128181,-12.170114585056796
SWIFTJ1313.1-1108,0.11,4.82e-05,2.69260313855e-12,2.69152230258e-12,1.08047e-14,1.17317e-14,-11.569827652321104,-11.5700020171688
SWIFTJ1335.8-3416,0.11,0.000129,7.20634419299e-12,7.21114018864e-12,2.39794e-14,5.60067e-14,-11.142284998729316,-11.141996061426823
SWIFTJ1341.2-1439,0.11,0.000111,6.20080820456e-12,6.20362228841e-12,2.38621e-14,3.83849e-14,-11.207551701484602,-11.207354652356274
SWIFTJ1351.5-1814,0.11,7.85e-05,4.38525626282e-12,4.38220647271e-12,2.24765e-14,2.2493e-14,-11.358005022531644,-11.358307164007982
SWIFTJ1432.8-4412,0.11,-99.0,-99,-99,-99,-99,-99,-99
SWIFTJ1512.0-2119,0.11,1.42e-05,7.93256533372e-13,7.9170196506e-13,4.58801e-15,3.71734e-15,-12.10058634230244,-12.101438277109345
SWIFTJ1731.3+1442,0.11,1.02e-05,5.69804013635e-13,5.7028071518e-13,2.21484e-15,4.70498e-15,-12.244274495964696,-12.24391131442653
SWIFTJ1848.0-7832,0.11,3.01e-05,1.68148041051e-12,1.68253925758e-12,6.64042e-15,1.13696e-14,-11.774308187913688,-11.774034793880002
SWIFTJ1938.1-5108,0.11,3.39e-05,1.89376031716e-12,1.89128030901e-12,1.03087e-14,8.6325e-15,-11.722674988122444,-11.723244099057506
SWIFTJ1947.3+4447,0.11,-99.0,-99,-99,-99,-99,-99,-99
SWIFTJ2007.0-3433,0.11,2.52e-05,1.40775109357e-12,1.41130154183e-12,4.02288e-15,1.07587e-14,-11.851474126619348,-11.850380184006386
SWIFTJ2132.0-3343,0.11,5.62e-05,3.13950818728e-12,3.13888301166e-12,1.72618e-14,1.49902e-14,-11.503138380040898,-11.50322487045412
SWIFTJ2135.5-6222,0.11,2.07e-05,1.15636689515e-12,1.15787345348e-12,4.48602e-15,7.73631e-15,-11.9369043499498,-11.936338903007496
SWIFTJ2157.4-0615,0.11,4.46e-05,2.49149596695e-12,2.49428910596e-12,1.12994e-14,1.75873e-14,-11.603539811495493,-11.60305321010061
SWIFTJ2209.1-2747,0.11,6.92e-06,3.86572906778e-13,3.87073390839e-13,1.67599e-15,2.25519e-15,-12.412768587062073,-12.412206683005708
SWIFTJ2240.2+0801,0.11,3.66e-05,2.04459070579e-12,2.04510861565e-12,1.27179e-14,1.31249e-14,-11.689393617733746,-11.689283621679104
SWIFTJ2308.1+4014,0.11,9.45e-05,5.27906630841e-12,5.27771834763e-12,3.16436e-14,3.36367e-14,-11.277442882951167,-11.27755379019298
SWIFTJ2318.9+0013,0.11,7.47e-05,4.17297636385e-12,4.1649026278e-12,3.09114e-14,1.86315e-14,-11.37955407516767,-11.380395147607002
SWIFTJ0918.5+1618,0.112,8.12e-05,4.60840681403e-12,4.60391583969e-12,1.83258e-14,2.10885e-14,-11.336449189894962,-11.336872623941499
SWIFTJ2303.3+0852,0.112,0.000134,7.60500640251e-12,7.59354103984e-12,3.88851e-14,3.22652e-14,-11.118900415986726,-11.119555655535253
SWIFTJ1535.9+5751,0.113,3.02e-05,1.72703518397e-12,1.72597019713e-12,5.89452e-15,6.63629e-15,-11.762698814692927,-11.7629667076548
SWIFTJ0311.8-7653,0.116,1.64e-05,9.58363776408e-13,9.59958024423e-13,2.6373e-15,3.84421e-15,-12.018469609816632,-12.0177477567104
SWIFTJ1218.5+2952,0.116,0.000134,7.83053372462e-12,7.83079271056e-12,3.52985e-14,3.89559e-14,-11.106208635673898,-11.106194272119014
SWIFTJ0207.0+2931,0.117,3.59e-05,2.11228368923e-12,2.11266862926e-12,1.01008e-14,1.17763e-14,-11.675247754511801,-11.675168616421425
SWIFTJ0230.2-0900,0.118,7.94e-05,4.70298987464e-12,4.70199477552e-12,2.30448e-14,2.40038e-14,-11.327625956272788,-11.327717857764256
SWIFTJ0559.8-5028,0.119,7.5e-05,4.47133625783e-12,4.48092038538e-12,1.09496e-14,2.80262e-14,-11.349562668663006,-11.34863277233268
SWIFTJ0051.9+1724,0.12,6.02e-05,3.61180498083e-12,3.61181188718e-12,1.39673e-14,2.03577e-14,-11.442275707426834,-11.442274876987538
SWIFTJ0054.9+2524,0.12,2.69e-05,1.61391280863e-12,1.61112886844e-12,8.08225e-15,4.85714e-15,-11.79211993166632,-11.792869720528827
SWIFTJ0225.8-6315,0.12,8.32e-06,4.99173059836e-13,4.9865662935e-13,1.12239e-15,1.84711e-15,-12.30174886138714,-12.302198402892289
SWIFTJ0234.6-0848,0.12,0.000195,1.16993683787e-11,1.16896768308e-11,6.55341e-14,4.36651e-14,-10.931837584153888,-10.932197495042141
SWIFTJ0308.5-7251,0.12,3.38e-05,2.02789044565e-12,2.02903924384e-12,6.50642e-15,9.27848e-15,-11.69295551094452,-11.692709553155614
SWIFTJ0516.2-0009,0.12,0.000158,9.47948789558e-12,9.49182017591e-12,2.32831e-14,3.97914e-14,-11.02321512364601,-11.022650498156729
SWIFTJ0552.5+5929,0.12,3.27e-05,1.96189416649e-12,1.96332261885e-12,6.06653e-15,8.89516e-15,-11.707324424147274,-11.707008330010101
SWIFTJ0923.6-2136,0.12,2.34e-05,1.40392418978e-12,1.40468724703e-12,4.52065e-15,6.59512e-15,-11.852656342954054,-11.852420360462016
SWIFTJ1139.1+5913,0.12,3.37e-05,2.02189072296e-12,2.02161048066e-12,8.65511e-15,1.11102e-14,-11.694242320405275,-11.69430251956448
SWIFTJ1145.6-1819,0.12,5.73e-05,3.43781435476e-12,3.44015237341e-12,8.05821e-15,1.83982e-14,-11.463717579330693,-11.463422320956322
SWIFTJ1316.9-7155,0.12,8.87e-06,5.32171255256e-13,5.32009404119e-13,2.58012e-15,2.3702e-15,-12.273948587170539,-12.274080690786136
SWIFTJ1506.7+0353A,0.12,2.49e-05,1.49391936182e-12,1.49261381228e-12,7.39658e-15,5.47629e-15,-11.825672844061017,-11.826052543844078
SWIFTJ1626.7+8530,0.12,3.96e-05,2.37587169829e-12,2.37321328004e-12,5.33037e-15,8.70151e-15,-11.624177015807938,-11.624663230101113
SWIFTJ1747.8+6837B,0.12,7.34e-06,4.40376228428e-13,4.40368274231e-13,1.82912e-15,1.69668e-15,-12.35617613234635,-12.35618397676331
SWIFTJ1842.0+7945,0.12,0.000208,1.24793260679e-11,1.25025921378e-11,3.08705e-14,9.21363e-14,-10.903808867609502,-10.902999936237201
SWIFTJ2044.0+2832,0.12,0.000116,6.95962437643e-12,6.96732031309e-12,2.58472e-14,3.95457e-14,-11.157414199418927,-11.15693422290743
SWIFTJ2217.0+1413,0.12,0.00109,6.53964711028e-11,6.53546066636e-11,2.68827e-13,1.97609e-13,-10.184445686262054,-10.184723794800185
SWIFTJ0010.5+1057,0.122,5.98e-05,3.63185976182e-12,3.6337357495e-12,1.11325e-14,1.87897e-14,-11.439870929380891,-11.43964665839997
SWIFTJ2304.8-0843,0.124,3.07e-05,1.88629201587e-12,1.88919033299e-12,3.97272e-15,9.40955e-15,-11.724391073495037,-11.723724285379605
SWIFTJ1203.0+4433,0.126,0.000173,1.07477462181e-11,1.07364722589e-11,3.09088e-14,3.14275e-14,-10.968682596925383,-10.969138393699435
SWIFTJ0516.4-1034,0.129,3.12e-05,1.9688158031e-12,1.96680916676e-12,6.3058e-15,5.50091e-15,-11.705794913337996,-11.706237776249928
SWIFTJ0034.5-7904,0.13,3.5e-05,2.21958800145e-12,2.22098320863e-12,5.24708e-15,9.41766e-15,-11.653727631541125,-11.653454724849851
SWIFTJ0036.3+4540,0.13,2.23e-05,1.41419463737e-12,1.41581191864e-12,3.41243e-15,6.13935e-15,-11.849490813935843,-11.84899443599714
SWIFTJ0450.7-5813,0.13,2.04e-05,1.29370272726e-12,1.29254055595e-12,5.63312e-15,4.41592e-15,-11.88816550631332,-11.888555821193284
SWIFTJ0502.1+0332,0.13,3.13e-05,1.98494567592e-12,1.98320614217e-12,6.82447e-15,6.79779e-15,-11.70225137452909,-11.70263214118802
SWIFTJ0640.4-2554,0.13,0.000118,7.48318244806e-12,7.47033277862e-12,3.23686e-14,2.16236e-14,-11.125913666080173,-11.126660051370497
SWIFTJ0718.1+4403,0.13,3.55e-05,2.25129640055e-12,2.24813473428e-12,8.92641e-15,6.52116e-15,-11.647567323014135,-11.648177664366843
SWIFTJ0759.8-3844,0.13,1.72e-05,1.09076892886e-12,1.09123141093e-12,2.705e-15,4.4263e-15,-11.962267241667549,-11.962083141405541
SWIFTJ0959.7-3112,0.13,4.14e-05,2.6254553713e-12,2.62726827043e-12,4.79459e-15,1.15758e-14,-11.580795359652404,-11.580495579129346
SWIFTJ1120.8-4316,0.13,2.22e-05,1.40785291533e-12,1.40757238436e-12,4.49731e-15,4.83774e-15,-11.851442715503934,-11.851529262323318
SWIFTJ1232.0-4219,0.13,1.02e-05,6.46851363628e-13,6.46171981569e-13,2.58029e-15,1.74578e-15,-12.189195501977299,-12.189651877197104
SWIFTJ1232.1+2009,0.13,-99.0,-99,-99,-99,-99,-99,-99
SWIFTJ1905.4+4231,0.13,1.73e-05,1.09711065734e-12,1.09672953391e-12,4.24705e-15,3.26177e-15,-11.959749566181971,-11.959900461223347
SWIFTJ2042.3+7507,0.13,0.000377,2.39081322813e-11,2.39143906976e-11,6.35578e-14,1.13937e-13,-10.62145434992373,-10.621340679815818
SWIFTJ2303.1-1837,0.13,1.23e-05,7.80026619485e-13,7.79825983183e-13,2.18939e-15,3.28872e-15,-12.107890576157745,-12.108002298559352
SWIFTJ1937.5-0613,0.132,0.00067,4.28980244077e-11,4.29293759946e-11,1.09737e-13,1.63789e-13,-10.367562708015093,-10.367245424217318
SWIFTJ0742.5+4948,0.134,0.000217,1.40213725788e-11,1.4015904737e-11,4.0751e-14,3.72649e-14,-10.853209470376054,-10.853378862968293
SWIFTJ0222.6+5222,0.14,2.1e-05,1.39129996995e-12,1.39090652484e-12,2.89332e-15,2.7281e-15,-11.856579224249042,-11.856702055566377
SWIFTJ0405.3-3707,0.14,3.22e-06,2.13332669117e-13,2.13225333267e-13,6.82867e-16,5.37928e-16,-12.670942632919063,-12.67116119812417
SWIFTJ0451.4-0346,0.14,1.31e-05,8.67906162222e-13,8.68044092297e-13,1.53232e-15,2.52603e-15,-12.061527228086359,-12.061458214276527
SWIFTJ0452.2+4933,0.14,0.000163,1.07991382831e-11,1.07991012955e-11,3.2208e-14,3.01225e-14,-10.966610897645477,-10.966612385128553
SWIFTJ0923.7+2255,0.14,3.08e-05,2.04057343618e-12,2.04029095721e-12,5.46353e-15,6.47157e-15,-11.690247771215004,-11.690307895270902
SWIFTJ0959.9+1303,0.14,5.02e-06,3.32586957054e-13,3.32525421995e-13,5.38387e-16,5.32374e-16,-12.478094786356827,-12.478175146721524
SWIFTJ1001.8+2848,0.14,-99.0,-99,-99,-99,-99,-99,-99
SWIFTJ1008.6-0955,0.14,2.05e-05,1.35817377712e-12,1.35789996066e-12,2.9983e-15,2.41825e-15,-11.86704465891089,-11.867132224262699
SWIFTJ1113.6+0936,0.14,4.52e-06,2.9946075676e-13,2.9966933705e-13,5.45199e-16,9.82807e-16,-12.523660082254153,-12.523357692927412
SWIFTJ1157.8+5529,0.14,8.32e-06,5.51219817606e-13,5.5112737912e-13,1.19944e-15,1.45419e-15,-12.258675176945427,-12.258748013388347
SWIFTJ1241.6-5748,0.14,6.12e-05,4.0546456896e-12,4.05334741462e-12,8.83272e-15,8.17157e-15,-11.392047090102244,-11.392186171046122
SWIFTJ1347.1+7325,0.14,5.42e-06,3.59087900032e-13,3.59468255301e-13,5.08594e-16,1.48875e-15,-12.44479922878658,-12.444339456202169
SWIFTJ1416.9-1158,0.14,1.51e-05,1.00041097484e-12,1.00071321678e-12,2.77296e-15,3.22423e-15,-11.999821552559045,-11.999690364292558
SWIFTJ1523.5+6340,0.14,1.8e-05,1.19254289213e-12,1.19154924748e-12,3.10511e-15,3.21803e-15,-11.923525991760727,-11.923888003283118
SWIFTJ1741.9-1211,0.14,0.000398,2.63684475875e-11,2.63355355003e-11,6.57555e-14,4.81898e-14,-10.578915438050027,-10.579457846380386
SWIFTJ0006.2+2012,0.149,0.00247,1.68935185122e-10,1.68977668944e-10,2.95454e-13,4.39435e-13,-9.772279887947471,-9.77217068529875
SWIFTJ0113.8-1450,0.15,7.29e-06,5.00181692925e-13,5.00274126616e-13,1.24222e-15,7.4878e-16,-12.30087220786135,-12.300791957557172
SWIFTJ0331.3+0538,0.15,3.39e-06,2.3259477767e-13,2.32447879945e-13,3.42823e-16,4.39371e-16,-12.633400040487656,-12.633674410472164
SWIFTJ0519.5-4545,0.15,8.75e-06,6.00355251641e-13,6.00336601211e-13,1.01844e-15,1.54556e-15,-12.221591685998211,-12.221605177851048
SWIFTJ0726.6-3552,0.15,-99.0,-99,-99,-99,-99,-99,-99
SWIFTJ0926.2+1244,0.15,4.84e-05,3.32082218281e-12,3.32088463122e-12,6.18645e-15,9.10505e-15,-11.478754378569018,-11.478746211692926
SWIFTJ1126.7+3514,0.15,-99.0,-99,-99,-99,-99,-99,-99
SWIFTJ2150.2-1855,0.15,1.28e-05,8.78233959192e-13,8.78538773051e-13,1.80846e-15,1.7851e-15,-12.05638977378537,-12.056239066780703
SWIFTJ0157.2+4715,0.16,1.84e-05,1.2987573658e-12,1.29911819188e-12,1.79601e-15,2.90423e-15,-11.886471976360685,-11.886351335651419
SWIFTJ0324.8+3410,0.16,5.95e-06,4.19978591559e-13,4.19902258981e-13,3.87274e-16,9.04119e-16,-12.376772847232504,-12.376851788947635
SWIFTJ0350.1-5019,0.16,-99.0,-99,-99,-99,-99,-99,-99
SWIFTJ1148.3+0901,0.16,4.63e-05,3.26806877005e-12,3.26882641082e-12,3.88334e-15,5.61132e-15,-11.485708813173959,-11.485608141769807
SWIFTJ1613.2-6043,0.16,8.67e-06,6.1196883512e-13,6.117527905e-13,8.88876e-16,1.00925e-15,-12.213270693998629,-12.213424040944414
SWIFTJ1628.1+5145,0.16,-99.0,-99,-99,-99,-99,-99,-99
SWIFTJ1656.1-5200,0.16,5.02e-05,3.54334890056e-12,3.54460184108e-12,3.68416e-15,7.53258e-15,-11.45058608217832,-11.450432541280588
SWIFTJ0149.9-5019,0.17,4.74e-06,3.42427000523e-13,3.42439922671e-13,2.20129e-16,5.45906e-16,-12.465431998329121,-12.46541560969291
SWIFTJ0226.4-2821,0.17,0.000135,9.75266759695e-12,9.75234725652e-12,1.42158e-14,1.2716e-14,-11.010876577718967,-11.010890842982034
SWIFTJ0726.5+3659,0.17,2.14e-05,1.54597841986e-12,1.54505049819e-12,2.90015e-15,1.8029e-15,-11.81079657264481,-11.811057321593717
SWIFTJ1306.4-4025B,0.17,6.07e-06,4.3850884161e-13,4.38198337212e-13,6.54202e-16,5.5428e-16,-12.358021645573277,-12.358329274747092
SWIFTJ0105.5-4213,0.18,-99.0,-99,-99,-99,-99,-99,-99
SWIFTJ0259.9+4419,0.18,4.43e-06,3.26232829198e-13,3.26444457163e-13,1.96303e-16,6.82497e-16,-12.4864723375258,-12.486190701064446
SWIFTJ0300.0-1048,0.18,-99.0,-99,-99,-99,-99,-99,-99
SWIFTJ1143.7+7942,0.18,1.09e-05,8.02694794841e-13,8.02587521593e-13,7.77586e-16,9.43694e-16,-12.09544955324242,-12.095507596839147
SWIFTJ2010.6-2521,0.18,2.44e-06,1.79685795284e-13,1.79688844241e-13,2.31783e-16,2.84942e-16,-12.745486253850576,-12.74547888468875
SWIFTJ2352.2+5845,0.18,-99.0,-99,-99,-99,-99,-99,-99
SWIFTJ0209.7+5226,0.19,3.3e-05,2.46939355827e-12,2.4697767551e-12,1.27997e-15,1.65254e-15,-11.607409689102253,-11.607342301157567
SWIFTJ0505.8-2351,0.19,-99.0,-99,-99,-99,-99,-99,-99
SWIFTJ0623.8-3215,0.19,-99.0,-99,-99,-99,-99,-99,-99
SWIFTJ1100.9+1104,0.19,5.29e-06,3.95851266131e-13,3.95697236423e-13,2.07719e-16,2.92249e-16,-12.40246796163054,-12.402636982866696
SWIFTJ1131.9-1233,0.19,1.28e-06,9.57825366221e-14,9.58048530723e-14,7.45814e-17,1.50816e-16,-13.018713665660439,-13.018612490825971
SWIFTJ1238.6+0928,0.19,-99.0,-99,-99,-99,-99,-99,-99
SWIFTJ2201.9-3152,0.19,-99.0,-99,-99,-99,-99,-99,-99
SWIFTJ2204.7+0337,0.19,-99.0,-99,-99,-99,-99,-99,-99
SWIFTJ0123.8-3504,0.2,-99.0,-99,-99,-99,-99,-99,-99
SWIFTJ0308.2-2258,0.2,-99.0,-99,-99,-99,-99,-99,-99
SWIFTJ1009.3-4250,0.2,-99.0,-99,-99,-99,-99,-99,-99
SWIFTJ1049.4+2258,0.2,-99.0,-99,-99,-99,-99,-99,-99
SWIFTJ0255.2-0011,0.21,-99.0,-99,-99,-99,-99,-99,-99
SWIFTJ0600.7+0008,0.21,-99.0,-99,-99,-99,-99,-99,-99
SWIFTJ1512.8-0906,0.21,7.17e-06,5.50039930271e-13,5.5010871527e-13,3.68773e-16,6.08564e-16,-12.259605781656528,-12.259551474548724
SWIFTJ2157.2-6942,0.21,3.66e-06,2.80773512192e-13,2.80762088885e-13,1.45542e-16,2.27776e-16,-12.551643865386863,-12.551661535073087
SWIFTJ1408.1-3024,0.22,7.77e-05,6.01893012441e-12,6.01811337509e-12,2.12441e-15,3.58532e-15,-11.220480698502337,-11.22053963485561
SWIFTJ0042.9-2332,0.23,-99.0,-99,-99,-99,-99,-99,-99
SWIFTJ0203.1-2359,0.23,2.31e-05,1.8044047912e-12,1.80433682681e-12,8.92899e-16,8.24998e-16,-11.743666028399767,-11.74368238676509
SWIFTJ0231.6-3645,0.23,-99.0,-99,-99,-99,-99,-99,-99
SWIFTJ0838.4-3557,0.23,0.000228,1.78097103086e-11,1.7810058367e-11,7.8589e-15,9.79428e-15,-10.749343144679388,-10.749334657266894
SWIFTJ1441.4+5341,0.23,-99.0,-99,-99,-99,-99,-99,-99
SWIFTJ1513.8-8125,0.23,0.00012,9.37353131947e-12,9.37153092112e-12,5.26963e-15,3.99592e-15,-11.028096765180882,-11.02818945753413
SWIFTJ1618.7-5930,0.23,1.03e-05,8.04561479843e-13,8.04618771051e-13,3.64793e-16,6.00599e-16,-12.09444076407395,-12.094409839936615
SWIFTJ1652.9+0223,0.24,-99.0,-99,-99,-99,-99,-99,-99
SWIFTJ1653.2+2352,0.24,-99.0,-99,-99,-99,-99,-99,-99
SWIFTJ2040.2-5126,0.24,-99.0,-99,-99,-99,-99,-99,-99
SWIFTJ2209.4-4711,0.24,9.89e-06,7.78117923833e-13,7.78187968999e-13,2.70616e-16,4.62749e-16,-12.10895458065939,-12.108915487793109
SWIFTJ0714.2+3518,0.25,-99.0,-99,-99,-99,-99,-99,-99
SWIFTJ1052.8+1043,0.25,-99.0,-99,-99,-99,-99,-99,-99
SWIFTJ1355.9+1822,0.25,-99.0,-99,-99,-99,-99,-99,-99
SWIFTJ1717.1-6249,0.25,-99.0,-99,-99,-99,-99,-99,-99
SWIFTJ2322.5-0646,0.25,-99.0,-99,-99,-99,-99,-99,-99
SWIFTJ0920.1+3712,0.26,-99.0,-99,-99,-99,-99,-99,-99
SWIFTJ1209.4+4340,0.27,-99.0,-99,-99,-99,-99,-99,-99
SWIFTJ1313.6+3650B,0.27,2.43e-06,1.94358919506e-13,1.94359701668e-13,1.04189e-17,8.7681e-17,-12.71139552396225,-12.711393776227833
SWIFTJ0840.2+2947,0.28,-99.0,-99,-99,-99,-99,-99,-99
SWIFTJ0319.7+4132,0.29,-99.0,-99,-99,-99,-99,-99,-99
SWIFTJ0503.0+2302,0.29,4.33e-05,3.49073182107e-12,3.49050446729e-12,9.92494e-16,9.67957e-16,-11.457083515007694,-11.457111801829958
SWIFTJ1206.2+5243,0.29,-99.0,-99,-99,-99,-99,-99,-99
SWIFTJ2027.1-0220,0.29,-99.0,-99,-99,-99,-99,-99,-99
SWIFTJ0919.2+5528,0.3,-99.0,-99,-99,-99,-99,-99,-99
SWIFTJ0955.5+6907,0.3,-99.0,-99,-99,-99,-99,-99,-99
SWIFTJ2328.9+0328,0.31,-99.0,-99,-99,-99,-99,-99,-99
SWIFTJ0124.5+3350,0.32,-99.0,-99,-99,-99,-99,-99,-99
SWIFTJ2028.5+2543D2,0.33,-99.0,-99,-99,-99,-99,-99,-99
SWIFTJ0250.7+4142,0.34,-99.0,-99,-99,-99,-99,-99,-99
SWIFTJ0823.4-0457,0.34,-99.0,-99,-99,-99,-99,-99,-99
SWIFTJ1416.9-4640,0.4,-99.0,-99,-99,-99,-99,-99,-99
SWIFTJ0046.2-4008,0.43,-99.0,-99,-99,-99,-99,-99,-99
SWIFTJ0856.0+7812,0.48,-99.0,-99,-99,-99,-99,-99,-99
SWIFTJ2304.9+1220,0.48,-99.0,-99,-99,-99,-99,-99,-99
SWIFTJ0113.8+1313,0.5,-99.0,-99,-99,-99,-99,-99,-99
SWIFTJ2242.4-3711,0.55,-99.0,-99,-99,-99,-99,-99,-99
SWIFTJ1652.0-5915A,0.62,-99.0,-99,-99,-99,-99,-99,-99
SWIFTJ0209.5-1010D2,0.63,-99.0,-99,-99,-99,-99,-99,-99
SWIFTJ1219.4+4720,0.63,-99.0,-99,-99,-99,-99,-99,-99
SWIFTJ2028.5+2543D1,0.63,-99.0,-99,-99,-99,-99,-99,-99
SWIFTJ0333.6-3607,0.64,-99.0,-99,-99,-99,-99,-99,-99
SWIFTJ1304.3-0532,0.64,-99.0,-99,-99,-99,-99,-99,-99
SWIFTJ2235.9+3358,0.64,-99.0,-99,-99,-99,-99,-99,-99
SWIFTJ0048.8+3155,0.66,-99.0,-99,-99,-99,-99,-99,-99
SWIFTJ0739.7-3142,0.66,-99.0,-99,-99,-99,-99,-99,-99
SWIFTJ0744.0+2914,0.68,-99.0,-99,-99,-99,-99,-99,-99
SWIFTJ0934.7-2156,0.69,-99.0,-99,-99,-99,-99,-99,-99
SWIFTJ0804.2+0507,0.7,-99.0,-99,-99,-99,-99,-99,-99
SWIFTJ0241.3-0816,0.72,-99.0,-99,-99,-99,-99,-99,-99
SWIFTJ1519.6+6538,0.76,-99.0,-99,-99,-99,-99,-99,-99
SWIFTJ0743.0+6513,0.77,-99.0,-99,-99,-99,-99,-99,-99
SWIFTJ1442.5-1715,0.77,-99.0,-99,-99,-99,-99,-99,-99
SWIFTJ0548.4-4748,0.78,-99.0,-99,-99,-99,-99,-99,-99
SWIFTJ2207.3+1013,0.78,-99.0,-99,-99,-99,-99,-99,-99
SWIFTJ1246.6+5435,0.8,-99.0,-99,-99,-99,-99,-99,-99
SWIFTJ1338.2+0433,0.8,-99.0,-99,-99,-99,-99,-99,-99
SWIFTJ1643.2+7036,0.8,-99.0,-99,-99,-99,-99,-99,-99
SWIFTJ0209.5-1010D1,0.81,-99.0,-99,-99,-99,-99,-99,-99
SWIFTJ2318.4-4223,0.81,-99.0,-99,-99,-99,-99,-99,-99
SWIFTJ1457.8-4308,0.82,-99.0,-99,-99,-99,-99,-99,-99
SWIFTJ2148.3-3454,0.82,-99.0,-99,-99,-99,-99,-99,-99
SWIFTJ0453.4+0404,0.84,-99.0,-99,-99,-99,-99,-99,-99
SWIFTJ1253.5-4137,0.84,-99.0,-99,-99,-99,-99,-99,-99
SWIFTJ0131.8-3307,0.85,-99.0,-99,-99,-99,-99,-99,-99
SWIFTJ1238.9-2720,0.86,-99.0,-99,-99,-99,-99,-99,-99
SWIFTJ0902.0+6007,0.87,-99.0,-99,-99,-99,-99,-99,-99
SWIFTJ0807.9+3859,0.9,-99.0,-99,-99,-99,-99,-99,-99
SWIFTJ1800.3+6637,0.9,-99.0,-99,-99,-99,-99,-99,-99
SWIFTJ0632.8+6343,0.91,8.82e-06,7.0244845301e-13,7.02386578185e-13,8.19744e-17,1.00628e-16,-12.153385539600361,-12.153423795900348
SWIFTJ1306.4-4025A,0.93,6.07e-06,4.80663657068e-13,4.80657772838e-13,4.80472e-17,7.91046e-17,-12.318158713592837,-12.318164030209877
SWIFTJ1341.2+3023,0.97,-99.0,-99,-99,-99,-99,-99,-99
SWIFTJ0935.9+6120,0.99,-99.0,-99,-99,-99,-99,-99,-99
SWIFTJ2246.0+3941,0.99,-99.0,-99,-99,-99,-99,-99,-99
SWIFTJ1235.6-3954,1.0,-99.0,-99,-99,-99,-99,-99,-99
SWIFTJ2359.3-6058,1.0,-99.0,-99,-99,-99,-99,-99,-99
SWIFTJ1325.4-4301,1.01,-99.0,-99,-99,-99,-99,-99,-99
SWIFTJ0304.1-0108,1.16,-99.0,-99,-99,-99,-99,-99,-99
SWIFTJ2200.9+1032,1.2,-99.0,-99,-99,-99,-99,-99,-99
SWIFTJ0602.5+6518,1.23,-99.0,-99,-99,-99,-99,-99,-99
SWIFTJ0111.4-3808,1.36,-99.0,-99,-99,-99,-99,-99,-99
SWIFTJ2344.6-4246,1.65,3.88e-06,2.08327390256e-13,2.08348174644e-13,7.86621e-18,1.60966e-16,-12.681253626570804,-12.681210300081775
SWIFTJ1737.7-5956B,2.0,-99.0,-99,-99,-99,-99,-99,-99
SWIFTJ1959.4+4044,4.05,-99.0,-99,-99,-99,-99,-99,-99
SWIFTJ1212.9+0702,5.0,-99.0,-99,-99,-99,-99,-99,-99
SWIFTJ1838.4-6524,5.0,-99.0,-99,-99,-99,-99,-99,-99
SWIFTJ0215.6-1301,7.0,-99.0,-99,-99,-99,-99,-99,-99
SWIFTJ2341.8+3033,7.0,-99.0,-99,-99,-99,-99,-99,-99
SWIFTJ1138.9+2529A,9.0,-99.0,-99,-99,-99,-99,-99,-99
SWIFTJ0251.6-1639,0.89,-99.0,-99,-99,-99,-99,-99,-99
SWIFTJ1635.0-5804,0.76,-99.0,-99,-99,-99,-99,-99,-99
SWIFTJ1413.2-0312,0.99,-99.0,-99,-99,-99,-99,-99,-99
SWIFTJ1630.5+3925,0.1,-99.0,-99,-99,-99,-99,-99,-99
SWIFTJ1322.2-1641,0.11,-99.0,-99,-99,-99,-99,-99,-99
SWIFTJ0134.1-3625,0.19,-99.0,-99,-99,-99,-99,-99,-99
SWIFTJ1225.8+1240,0.19,-99.0,-99,-99,-99,-99,-99,-99
SWIFTJ1309.2+1139,0.23,-99.0,-99,-99,-99,-99,-99,-99
SWIFTJ1209.5+4702,-99.0,-99.0,-99,-99,-99,-99,-99,-99
